Timing Analyzer report for uart_rx
Sat Oct 25 16:56:03 2025
Quartus Prime Version 20.1.1 Build 720 11/11/2020 SJ Lite Edition


---------------------
; Table of Contents ;
---------------------
  1. Legal Notice
  2. Timing Analyzer Summary
  3. Parallel Compilation
  4. Clocks
  5. Slow 1200mV 85C Model Fmax Summary
  6. Timing Closure Recommendations
  7. Slow 1200mV 85C Model Setup Summary
  8. Slow 1200mV 85C Model Hold Summary
  9. Slow 1200mV 85C Model Recovery Summary
 10. Slow 1200mV 85C Model Removal Summary
 11. Slow 1200mV 85C Model Minimum Pulse Width Summary
 12. Slow 1200mV 85C Model Setup: 'clk_3125'
 13. Slow 1200mV 85C Model Hold: 'clk_3125'
 14. Slow 1200mV 85C Model Metastability Summary
 15. Slow 1200mV 0C Model Fmax Summary
 16. Slow 1200mV 0C Model Setup Summary
 17. Slow 1200mV 0C Model Hold Summary
 18. Slow 1200mV 0C Model Recovery Summary
 19. Slow 1200mV 0C Model Removal Summary
 20. Slow 1200mV 0C Model Minimum Pulse Width Summary
 21. Slow 1200mV 0C Model Setup: 'clk_3125'
 22. Slow 1200mV 0C Model Hold: 'clk_3125'
 23. Slow 1200mV 0C Model Metastability Summary
 24. Fast 1200mV 0C Model Setup Summary
 25. Fast 1200mV 0C Model Hold Summary
 26. Fast 1200mV 0C Model Recovery Summary
 27. Fast 1200mV 0C Model Removal Summary
 28. Fast 1200mV 0C Model Minimum Pulse Width Summary
 29. Fast 1200mV 0C Model Setup: 'clk_3125'
 30. Fast 1200mV 0C Model Hold: 'clk_3125'
 31. Fast 1200mV 0C Model Metastability Summary
 32. Multicorner Timing Analysis Summary
 33. Board Trace Model Assignments
 34. Input Transition Times
 35. Signal Integrity Metrics (Slow 1200mv 0c Model)
 36. Signal Integrity Metrics (Slow 1200mv 85c Model)
 37. Signal Integrity Metrics (Fast 1200mv 0c Model)
 38. Setup Transfers
 39. Hold Transfers
 40. Report TCCS
 41. Report RSKM
 42. Unconstrained Paths Summary
 43. Clock Status Summary
 44. Unconstrained Input Ports
 45. Unconstrained Output Ports
 46. Unconstrained Input Ports
 47. Unconstrained Output Ports
 48. Timing Analyzer Messages



----------------
; Legal Notice ;
----------------
Copyright (C) 2020  Intel Corporation. All rights reserved.
Your use of Intel Corporation's design tools, logic functions 
and other software and tools, and any partner logic 
functions, and any output files from any of the foregoing 
(including device programming or simulation files), and any 
associated documentation or information are expressly subject 
to the terms and conditions of the Intel Program License 
Subscription Agreement, the Intel Quartus Prime License Agreement,
the Intel FPGA IP License Agreement, or other applicable license
agreement, including, without limitation, that your use is for
the sole purpose of programming logic devices manufactured by
Intel and sold by Intel or its authorized distributors.  Please
refer to the applicable agreement for further details, at
https://fpgasoftware.intel.com/eula.



+-----------------------------------------------------------------------------+
; Timing Analyzer Summary                                                     ;
+-----------------------+-----------------------------------------------------+
; Quartus Prime Version ; Version 20.1.1 Build 720 11/11/2020 SJ Lite Edition ;
; Timing Analyzer       ; Legacy Timing Analyzer                              ;
; Revision Name         ; uart_rx                                             ;
; Device Family         ; Cyclone IV E                                        ;
; Device Name           ; EP4CE22F17C6                                        ;
; Timing Models         ; Final                                               ;
; Delay Model           ; Combined                                            ;
; Rise/Fall Delays      ; Enabled                                             ;
+-----------------------+-----------------------------------------------------+


+------------------------------------------+
; Parallel Compilation                     ;
+----------------------------+-------------+
; Processors                 ; Number      ;
+----------------------------+-------------+
; Number detected on machine ; 16          ;
; Maximum allowed            ; 10          ;
;                            ;             ;
; Average used               ; 1.04        ;
; Maximum used               ; 10          ;
;                            ;             ;
; Usage by Processor         ; % Time Used ;
;     Processor 1            ; 100.0%      ;
;     Processors 2-10        ;   0.4%      ;
+----------------------------+-------------+


+--------------------------------------------------------------------------------------------------------------------------------------------------------------------------------------+
; Clocks                                                                                                                                                                               ;
+------------+------+--------+------------+-------+-------+------------+-----------+-------------+-------+--------+-----------+------------+----------+--------+--------+--------------+
; Clock Name ; Type ; Period ; Frequency  ; Rise  ; Fall  ; Duty Cycle ; Divide by ; Multiply by ; Phase ; Offset ; Edge List ; Edge Shift ; Inverted ; Master ; Source ; Targets      ;
+------------+------+--------+------------+-------+-------+------------+-----------+-------------+-------+--------+-----------+------------+----------+--------+--------+--------------+
; clk_3125   ; Base ; 1.000  ; 1000.0 MHz ; 0.000 ; 0.500 ;            ;           ;             ;       ;        ;           ;            ;          ;        ;        ; { clk_3125 } ;
+------------+------+--------+------------+-------+-------+------------+-----------+-------------+-------+--------+-----------+------------+----------+--------+--------+--------------+


+-----------------------------------------------------------------------------------------------------------+
; Slow 1200mV 85C Model Fmax Summary                                                                        ;
+------------+-----------------+------------+---------------------------------------------------------------+
; Fmax       ; Restricted Fmax ; Clock Name ; Note                                                          ;
+------------+-----------------+------------+---------------------------------------------------------------+
; 428.27 MHz ; 250.0 MHz       ; clk_3125   ; limit due to minimum period restriction (max I/O toggle rate) ;
+------------+-----------------+------------+---------------------------------------------------------------+
This panel reports FMAX for every clock in the design, regardless of the user-specified clock periods.  FMAX is only computed for paths where the source and destination registers or ports are driven by the same clock.  Paths of different clocks, including generated clocks, are ignored.  For paths between a clock and its inversion, FMAX is computed as if the rising and falling edges are scaled along with FMAX, such that the duty cycle (in terms of a percentage) is maintained. Altera recommends that you always use clock constraints and other slack reports for sign-off analysis.


----------------------------------
; Timing Closure Recommendations ;
----------------------------------
HTML report is unavailable in plain text report export.


+-------------------------------------+
; Slow 1200mV 85C Model Setup Summary ;
+----------+--------+-----------------+
; Clock    ; Slack  ; End Point TNS   ;
+----------+--------+-----------------+
; clk_3125 ; -1.335 ; -29.332         ;
+----------+--------+-----------------+


+------------------------------------+
; Slow 1200mV 85C Model Hold Summary ;
+----------+-------+-----------------+
; Clock    ; Slack ; End Point TNS   ;
+----------+-------+-----------------+
; clk_3125 ; 0.231 ; 0.000           ;
+----------+-------+-----------------+


------------------------------------------
; Slow 1200mV 85C Model Recovery Summary ;
------------------------------------------
No paths to report.


-----------------------------------------
; Slow 1200mV 85C Model Removal Summary ;
-----------------------------------------
No paths to report.


+---------------------------------------------------+
; Slow 1200mV 85C Model Minimum Pulse Width Summary ;
+----------+--------+-------------------------------+
; Clock    ; Slack  ; End Point TNS                 ;
+----------+--------+-------------------------------+
; clk_3125 ; -3.000 ; -34.000                       ;
+----------+--------+-------------------------------+


+------------------------------------------------------------------------------------------------------------------+
; Slow 1200mV 85C Model Setup: 'clk_3125'                                                                          ;
+--------+----------------+------------------+--------------+-------------+--------------+------------+------------+
; Slack  ; From Node      ; To Node          ; Launch Clock ; Latch Clock ; Relationship ; Clock Skew ; Data Delay ;
+--------+----------------+------------------+--------------+-------------+--------------+------------+------------+
; -1.335 ; counter[2]     ; data_cycles[1]   ; clk_3125     ; clk_3125    ; 1.000        ; -0.062     ; 2.268      ;
; -1.318 ; counter[1]     ; data_cycles[1]   ; clk_3125     ; clk_3125    ; 1.000        ; -0.062     ; 2.251      ;
; -1.276 ; counter[2]     ; counter[0]       ; clk_3125     ; clk_3125    ; 1.000        ; -0.062     ; 2.209      ;
; -1.271 ; counter[5]     ; data_cycles[1]   ; clk_3125     ; clk_3125    ; 1.000        ; -0.428     ; 1.838      ;
; -1.259 ; counter[1]     ; counter[0]       ; clk_3125     ; clk_3125    ; 1.000        ; -0.062     ; 2.192      ;
; -1.231 ; data_cycles[2] ; buffer[6]        ; clk_3125     ; clk_3125    ; 1.000        ; -0.428     ; 1.798      ;
; -1.221 ; data_cycles[2] ; buffer[3]        ; clk_3125     ; clk_3125    ; 1.000        ; -0.428     ; 1.788      ;
; -1.215 ; counter[5]     ; counter[0]       ; clk_3125     ; clk_3125    ; 1.000        ; -0.428     ; 1.782      ;
; -1.208 ; counter[2]     ; counter[1]       ; clk_3125     ; clk_3125    ; 1.000        ; -0.062     ; 2.141      ;
; -1.205 ; counter[2]     ; counter[4]       ; clk_3125     ; clk_3125    ; 1.000        ; -0.062     ; 2.138      ;
; -1.204 ; counter[1]     ; counter[1]       ; clk_3125     ; clk_3125    ; 1.000        ; -0.062     ; 2.137      ;
; -1.201 ; counter[2]     ; data_cycles[3]   ; clk_3125     ; clk_3125    ; 1.000        ; -0.062     ; 2.134      ;
; -1.201 ; counter[1]     ; counter[4]       ; clk_3125     ; clk_3125    ; 1.000        ; -0.062     ; 2.134      ;
; -1.191 ; counter[3]     ; counter[0]       ; clk_3125     ; clk_3125    ; 1.000        ; -0.062     ; 2.124      ;
; -1.186 ; counter[4]     ; data_cycles[1]   ; clk_3125     ; clk_3125    ; 1.000        ; -0.062     ; 2.119      ;
; -1.184 ; counter[1]     ; data_cycles[3]   ; clk_3125     ; clk_3125    ; 1.000        ; -0.062     ; 2.117      ;
; -1.182 ; counter[2]     ; counter[3]       ; clk_3125     ; clk_3125    ; 1.000        ; -0.062     ; 2.115      ;
; -1.178 ; counter[2]     ; counter[2]       ; clk_3125     ; clk_3125    ; 1.000        ; -0.062     ; 2.111      ;
; -1.178 ; counter[1]     ; counter[3]       ; clk_3125     ; clk_3125    ; 1.000        ; -0.062     ; 2.111      ;
; -1.174 ; counter[1]     ; counter[2]       ; clk_3125     ; clk_3125    ; 1.000        ; -0.062     ; 2.107      ;
; -1.173 ; buffer[4]      ; rx_parity~reg0   ; clk_3125     ; clk_3125    ; 1.000        ; -0.063     ; 2.105      ;
; -1.167 ; counter[2]     ; rx_complete~reg0 ; clk_3125     ; clk_3125    ; 1.000        ; 0.289      ; 2.451      ;
; -1.163 ; counter[1]     ; rx_complete~reg0 ; clk_3125     ; clk_3125    ; 1.000        ; 0.289      ; 2.447      ;
; -1.160 ; counter[5]     ; state.receive    ; clk_3125     ; clk_3125    ; 1.000        ; -0.428     ; 1.727      ;
; -1.150 ; buffer[7]      ; rx_parity~reg0   ; clk_3125     ; clk_3125    ; 1.000        ; -0.063     ; 2.082      ;
; -1.147 ; counter[2]     ; state.receive    ; clk_3125     ; clk_3125    ; 1.000        ; -0.062     ; 2.080      ;
; -1.140 ; counter[5]     ; data_cycles[3]   ; clk_3125     ; clk_3125    ; 1.000        ; -0.428     ; 1.707      ;
; -1.130 ; counter[1]     ; state.receive    ; clk_3125     ; clk_3125    ; 1.000        ; -0.062     ; 2.063      ;
; -1.127 ; counter[4]     ; counter[0]       ; clk_3125     ; clk_3125    ; 1.000        ; -0.062     ; 2.060      ;
; -1.125 ; counter[5]     ; data_cycles[0]   ; clk_3125     ; clk_3125    ; 1.000        ; -0.428     ; 1.692      ;
; -1.121 ; counter[3]     ; data_cycles[1]   ; clk_3125     ; clk_3125    ; 1.000        ; -0.062     ; 2.054      ;
; -1.113 ; counter[3]     ; rx_complete~reg0 ; clk_3125     ; clk_3125    ; 1.000        ; 0.289      ; 2.397      ;
; -1.102 ; counter[5]     ; rx_complete~reg0 ; clk_3125     ; clk_3125    ; 1.000        ; -0.077     ; 2.020      ;
; -1.093 ; counter[0]     ; counter[0]       ; clk_3125     ; clk_3125    ; 1.000        ; -0.062     ; 2.026      ;
; -1.083 ; counter[5]     ; counter[4]       ; clk_3125     ; clk_3125    ; 1.000        ; -0.428     ; 1.650      ;
; -1.082 ; counter[5]     ; counter[1]       ; clk_3125     ; clk_3125    ; 1.000        ; -0.428     ; 1.649      ;
; -1.077 ; counter[4]     ; counter[1]       ; clk_3125     ; clk_3125    ; 1.000        ; -0.062     ; 2.010      ;
; -1.074 ; counter[4]     ; counter[4]       ; clk_3125     ; clk_3125    ; 1.000        ; -0.062     ; 2.007      ;
; -1.065 ; data_cycles[2] ; buffer[7]        ; clk_3125     ; clk_3125    ; 1.000        ; -0.428     ; 1.632      ;
; -1.064 ; data_cycles[2] ; buffer[5]        ; clk_3125     ; clk_3125    ; 1.000        ; -0.428     ; 1.631      ;
; -1.053 ; data_cycles[2] ; buffer[2]        ; clk_3125     ; clk_3125    ; 1.000        ; -0.428     ; 1.620      ;
; -1.052 ; counter[4]     ; data_cycles[3]   ; clk_3125     ; clk_3125    ; 1.000        ; -0.062     ; 1.985      ;
; -1.051 ; counter[4]     ; counter[3]       ; clk_3125     ; clk_3125    ; 1.000        ; -0.062     ; 1.984      ;
; -1.047 ; counter[4]     ; counter[2]       ; clk_3125     ; clk_3125    ; 1.000        ; -0.062     ; 1.980      ;
; -1.036 ; counter[4]     ; rx_complete~reg0 ; clk_3125     ; clk_3125    ; 1.000        ; 0.289      ; 2.320      ;
; -1.033 ; counter[0]     ; counter[4]       ; clk_3125     ; clk_3125    ; 1.000        ; -0.062     ; 1.966      ;
; -1.030 ; counter[2]     ; data_cycles[0]   ; clk_3125     ; clk_3125    ; 1.000        ; -0.062     ; 1.963      ;
; -1.028 ; counter[3]     ; counter[3]       ; clk_3125     ; clk_3125    ; 1.000        ; -0.062     ; 1.961      ;
; -1.028 ; counter[3]     ; counter[2]       ; clk_3125     ; clk_3125    ; 1.000        ; -0.062     ; 1.961      ;
; -1.022 ; data_cycles[1] ; buffer[5]        ; clk_3125     ; clk_3125    ; 1.000        ; -0.062     ; 1.955      ;
; -1.019 ; counter[3]     ; counter[4]       ; clk_3125     ; clk_3125    ; 1.000        ; -0.062     ; 1.952      ;
; -1.016 ; counter[3]     ; counter[1]       ; clk_3125     ; clk_3125    ; 1.000        ; -0.062     ; 1.949      ;
; -1.015 ; counter[0]     ; rx_complete~reg0 ; clk_3125     ; clk_3125    ; 1.000        ; 0.289      ; 2.299      ;
; -1.013 ; counter[1]     ; data_cycles[0]   ; clk_3125     ; clk_3125    ; 1.000        ; -0.062     ; 1.946      ;
; -1.000 ; data_cycles[3] ; buffer[6]        ; clk_3125     ; clk_3125    ; 1.000        ; -0.062     ; 1.933      ;
; -0.998 ; counter[4]     ; state.receive    ; clk_3125     ; clk_3125    ; 1.000        ; -0.062     ; 1.931      ;
; -0.996 ; data_cycles[3] ; buffer[7]        ; clk_3125     ; clk_3125    ; 1.000        ; -0.062     ; 1.929      ;
; -0.995 ; data_cycles[1] ; buffer[7]        ; clk_3125     ; clk_3125    ; 1.000        ; -0.062     ; 1.928      ;
; -0.992 ; data_cycles[1] ; buffer[2]        ; clk_3125     ; clk_3125    ; 1.000        ; -0.062     ; 1.925      ;
; -0.987 ; counter[3]     ; data_cycles[3]   ; clk_3125     ; clk_3125    ; 1.000        ; -0.062     ; 1.920      ;
; -0.985 ; data_cycles[2] ; buffer[1]        ; clk_3125     ; clk_3125    ; 1.000        ; -0.106     ; 1.874      ;
; -0.983 ; counter[2]     ; data_cycles[2]   ; clk_3125     ; clk_3125    ; 1.000        ; 0.289      ; 2.267      ;
; -0.981 ; data_cycles[3] ; buffer[5]        ; clk_3125     ; clk_3125    ; 1.000        ; -0.062     ; 1.914      ;
; -0.981 ; data_cycles[3] ; buffer[2]        ; clk_3125     ; clk_3125    ; 1.000        ; -0.062     ; 1.914      ;
; -0.978 ; counter[5]     ; counter[3]       ; clk_3125     ; clk_3125    ; 1.000        ; -0.428     ; 1.545      ;
; -0.978 ; counter[5]     ; counter[2]       ; clk_3125     ; clk_3125    ; 1.000        ; -0.428     ; 1.545      ;
; -0.970 ; buffer[5]      ; rx_parity~reg0   ; clk_3125     ; clk_3125    ; 1.000        ; -0.063     ; 1.902      ;
; -0.967 ; data_cycles[1] ; buffer[6]        ; clk_3125     ; clk_3125    ; 1.000        ; -0.062     ; 1.900      ;
; -0.966 ; counter[1]     ; data_cycles[2]   ; clk_3125     ; clk_3125    ; 1.000        ; 0.289      ; 2.250      ;
; -0.963 ; data_cycles[2] ; buffer[4]        ; clk_3125     ; clk_3125    ; 1.000        ; -0.428     ; 1.530      ;
; -0.955 ; data_cycles[2] ; buffer[0]        ; clk_3125     ; clk_3125    ; 1.000        ; -0.106     ; 1.844      ;
; -0.955 ; data_cycles[0] ; buffer[7]        ; clk_3125     ; clk_3125    ; 1.000        ; -0.062     ; 1.888      ;
; -0.948 ; buffer[4]      ; rx_complete~reg0 ; clk_3125     ; clk_3125    ; 1.000        ; 0.289      ; 2.232      ;
; -0.941 ; buffer[7]      ; rx_complete~reg0 ; clk_3125     ; clk_3125    ; 1.000        ; 0.289      ; 2.225      ;
; -0.940 ; data_cycles[0] ; buffer[5]        ; clk_3125     ; clk_3125    ; 1.000        ; -0.062     ; 1.873      ;
; -0.937 ; state.receive  ; buffer[3]        ; clk_3125     ; clk_3125    ; 1.000        ; -0.062     ; 1.870      ;
; -0.933 ; counter[3]     ; state.receive    ; clk_3125     ; clk_3125    ; 1.000        ; -0.062     ; 1.866      ;
; -0.930 ; counter[0]     ; counter[3]       ; clk_3125     ; clk_3125    ; 1.000        ; -0.062     ; 1.863      ;
; -0.930 ; counter[0]     ; counter[2]       ; clk_3125     ; clk_3125    ; 1.000        ; -0.062     ; 1.863      ;
; -0.928 ; data_cycles[1] ; buffer[4]        ; clk_3125     ; clk_3125    ; 1.000        ; -0.062     ; 1.861      ;
; -0.922 ; data_cycles[3] ; data_cycles[1]   ; clk_3125     ; clk_3125    ; 1.000        ; -0.062     ; 1.855      ;
; -0.918 ; counter[5]     ; data_cycles[2]   ; clk_3125     ; clk_3125    ; 1.000        ; -0.077     ; 1.836      ;
; -0.918 ; counter[0]     ; counter[1]       ; clk_3125     ; clk_3125    ; 1.000        ; -0.062     ; 1.851      ;
; -0.915 ; state.receive  ; data_cycles[1]   ; clk_3125     ; clk_3125    ; 1.000        ; -0.062     ; 1.848      ;
; -0.915 ; state.start    ; buffer[6]        ; clk_3125     ; clk_3125    ; 1.000        ; -0.062     ; 1.848      ;
; -0.909 ; data_cycles[3] ; buffer[4]        ; clk_3125     ; clk_3125    ; 1.000        ; -0.062     ; 1.842      ;
; -0.899 ; data_cycles[0] ; buffer[2]        ; clk_3125     ; clk_3125    ; 1.000        ; -0.062     ; 1.832      ;
; -0.894 ; rx_msg[0]~reg0 ; rx_complete~reg0 ; clk_3125     ; clk_3125    ; 1.000        ; 0.290      ; 2.179      ;
; -0.885 ; buffer[6]      ; rx_parity~reg0   ; clk_3125     ; clk_3125    ; 1.000        ; -0.063     ; 1.817      ;
; -0.881 ; counter[4]     ; data_cycles[0]   ; clk_3125     ; clk_3125    ; 1.000        ; -0.062     ; 1.814      ;
; -0.880 ; data_cycles[1] ; buffer[3]        ; clk_3125     ; clk_3125    ; 1.000        ; -0.062     ; 1.813      ;
; -0.877 ; counter[3]     ; state.idle       ; clk_3125     ; clk_3125    ; 1.000        ; -0.062     ; 1.810      ;
; -0.860 ; counter[1]     ; state.idle       ; clk_3125     ; clk_3125    ; 1.000        ; -0.062     ; 1.793      ;
; -0.857 ; data_cycles[0] ; buffer[6]        ; clk_3125     ; clk_3125    ; 1.000        ; -0.062     ; 1.790      ;
; -0.848 ; buffer[1]      ; rx_complete~reg0 ; clk_3125     ; clk_3125    ; 1.000        ; -0.046     ; 1.797      ;
; -0.844 ; buffer[6]      ; buffer[6]        ; clk_3125     ; clk_3125    ; 1.000        ; -0.062     ; 1.777      ;
; -0.839 ; data_cycles[0] ; buffer[4]        ; clk_3125     ; clk_3125    ; 1.000        ; -0.062     ; 1.772      ;
; -0.834 ; counter[4]     ; data_cycles[2]   ; clk_3125     ; clk_3125    ; 1.000        ; 0.289      ; 2.118      ;
; -0.832 ; buffer[0]      ; rx_complete~reg0 ; clk_3125     ; clk_3125    ; 1.000        ; -0.046     ; 1.781      ;
; -0.831 ; counter[2]     ; counter[5]       ; clk_3125     ; clk_3125    ; 1.000        ; 0.289      ; 2.115      ;
+--------+----------------+------------------+--------------+-------------+--------------+------------+------------+


+-------------------------------------------------------------------------------------------------------------------+
; Slow 1200mV 85C Model Hold: 'clk_3125'                                                                            ;
+-------+------------------+------------------+--------------+-------------+--------------+------------+------------+
; Slack ; From Node        ; To Node          ; Launch Clock ; Latch Clock ; Relationship ; Clock Skew ; Data Delay ;
+-------+------------------+------------------+--------------+-------------+--------------+------------+------------+
; 0.231 ; state.idle       ; rx_complete~reg0 ; clk_3125     ; clk_3125    ; 0.000        ; 0.428      ; 0.816      ;
; 0.343 ; data_cycles[2]   ; data_cycles[2]   ; clk_3125     ; clk_3125    ; 0.000        ; 0.077      ; 0.577      ;
; 0.343 ; rx_complete~reg0 ; rx_complete~reg0 ; clk_3125     ; clk_3125    ; 0.000        ; 0.077      ; 0.577      ;
; 0.358 ; state.start      ; state.start      ; clk_3125     ; clk_3125    ; 0.000        ; 0.062      ; 0.577      ;
; 0.358 ; counter[1]       ; counter[1]       ; clk_3125     ; clk_3125    ; 0.000        ; 0.062      ; 0.577      ;
; 0.358 ; counter[4]       ; counter[4]       ; clk_3125     ; clk_3125    ; 0.000        ; 0.062      ; 0.577      ;
; 0.358 ; state.receive    ; state.receive    ; clk_3125     ; clk_3125    ; 0.000        ; 0.062      ; 0.577      ;
; 0.358 ; data_cycles[3]   ; data_cycles[3]   ; clk_3125     ; clk_3125    ; 0.000        ; 0.062      ; 0.577      ;
; 0.358 ; data_cycles[0]   ; data_cycles[0]   ; clk_3125     ; clk_3125    ; 0.000        ; 0.062      ; 0.577      ;
; 0.358 ; data_cycles[1]   ; data_cycles[1]   ; clk_3125     ; clk_3125    ; 0.000        ; 0.062      ; 0.577      ;
; 0.398 ; state.idle       ; state.start      ; clk_3125     ; clk_3125    ; 0.000        ; 0.062      ; 0.617      ;
; 0.598 ; counter[4]       ; counter[5]       ; clk_3125     ; clk_3125    ; 0.000        ; 0.428      ; 1.183      ;
; 0.626 ; state.receive    ; buffer[1]        ; clk_3125     ; clk_3125    ; 0.000        ; 0.397      ; 1.180      ;
; 0.626 ; state.receive    ; buffer[0]        ; clk_3125     ; clk_3125    ; 0.000        ; 0.397      ; 1.180      ;
; 0.642 ; state.receive    ; counter[5]       ; clk_3125     ; clk_3125    ; 0.000        ; 0.428      ; 1.227      ;
; 0.660 ; state.receive    ; counter[0]       ; clk_3125     ; clk_3125    ; 0.000        ; 0.062      ; 0.879      ;
; 0.660 ; state.receive    ; state.idle       ; clk_3125     ; clk_3125    ; 0.000        ; 0.062      ; 0.879      ;
; 0.696 ; state.start      ; buffer[1]        ; clk_3125     ; clk_3125    ; 0.000        ; 0.397      ; 1.250      ;
; 0.716 ; state.receive    ; rx_complete~reg0 ; clk_3125     ; clk_3125    ; 0.000        ; 0.428      ; 1.301      ;
; 0.731 ; buffer[3]        ; rx_msg[3]~reg0   ; clk_3125     ; clk_3125    ; 0.000        ; 0.061      ; 0.949      ;
; 0.731 ; data_cycles[3]   ; counter[5]       ; clk_3125     ; clk_3125    ; 0.000        ; 0.428      ; 1.316      ;
; 0.732 ; buffer[1]        ; rx_msg[1]~reg0   ; clk_3125     ; clk_3125    ; 0.000        ; -0.261     ; 0.628      ;
; 0.733 ; data_cycles[0]   ; data_cycles[2]   ; clk_3125     ; clk_3125    ; 0.000        ; 0.428      ; 1.318      ;
; 0.735 ; state.start      ; counter[5]       ; clk_3125     ; clk_3125    ; 0.000        ; 0.428      ; 1.320      ;
; 0.741 ; buffer[7]        ; rx_msg[7]~reg0   ; clk_3125     ; clk_3125    ; 0.000        ; 0.061      ; 0.959      ;
; 0.759 ; counter[3]       ; counter[5]       ; clk_3125     ; clk_3125    ; 0.000        ; 0.428      ; 1.344      ;
; 0.765 ; data_cycles[1]   ; data_cycles[2]   ; clk_3125     ; clk_3125    ; 0.000        ; 0.428      ; 1.350      ;
; 0.770 ; buffer[6]        ; rx_msg[6]~reg0   ; clk_3125     ; clk_3125    ; 0.000        ; 0.061      ; 0.988      ;
; 0.774 ; counter[0]       ; counter[1]       ; clk_3125     ; clk_3125    ; 0.000        ; 0.062      ; 0.993      ;
; 0.803 ; state.receive    ; data_cycles[2]   ; clk_3125     ; clk_3125    ; 0.000        ; 0.428      ; 1.388      ;
; 0.845 ; data_cycles[3]   ; buffer[3]        ; clk_3125     ; clk_3125    ; 0.000        ; 0.062      ; 1.064      ;
; 0.850 ; buffer[2]        ; rx_msg[2]~reg0   ; clk_3125     ; clk_3125    ; 0.000        ; 0.061      ; 1.068      ;
; 0.850 ; counter[5]       ; counter[5]       ; clk_3125     ; clk_3125    ; 0.000        ; 0.077      ; 1.084      ;
; 0.853 ; data_cycles[3]   ; data_cycles[2]   ; clk_3125     ; clk_3125    ; 0.000        ; 0.428      ; 1.438      ;
; 0.860 ; buffer[5]        ; rx_msg[5]~reg0   ; clk_3125     ; clk_3125    ; 0.000        ; 0.061      ; 1.078      ;
; 0.861 ; data_cycles[3]   ; state.idle       ; clk_3125     ; clk_3125    ; 0.000        ; 0.062      ; 1.080      ;
; 0.867 ; buffer[0]        ; buffer[0]        ; clk_3125     ; clk_3125    ; 0.000        ; 0.075      ; 1.099      ;
; 0.871 ; buffer[2]        ; buffer[2]        ; clk_3125     ; clk_3125    ; 0.000        ; 0.062      ; 1.090      ;
; 0.878 ; data_cycles[0]   ; buffer[3]        ; clk_3125     ; clk_3125    ; 0.000        ; 0.062      ; 1.097      ;
; 0.883 ; state.start      ; data_cycles[2]   ; clk_3125     ; clk_3125    ; 0.000        ; 0.428      ; 1.468      ;
; 0.885 ; state.start      ; buffer[0]        ; clk_3125     ; clk_3125    ; 0.000        ; 0.397      ; 1.439      ;
; 0.912 ; buffer[4]        ; rx_msg[4]~reg0   ; clk_3125     ; clk_3125    ; 0.000        ; 0.061      ; 1.130      ;
; 0.918 ; buffer[1]        ; buffer[1]        ; clk_3125     ; clk_3125    ; 0.000        ; 0.075      ; 1.150      ;
; 0.924 ; state.receive    ; buffer[7]        ; clk_3125     ; clk_3125    ; 0.000        ; 0.062      ; 1.143      ;
; 0.926 ; state.receive    ; buffer[4]        ; clk_3125     ; clk_3125    ; 0.000        ; 0.062      ; 1.145      ;
; 0.936 ; counter[1]       ; counter[5]       ; clk_3125     ; clk_3125    ; 0.000        ; 0.428      ; 1.521      ;
; 0.937 ; counter[0]       ; counter[0]       ; clk_3125     ; clk_3125    ; 0.000        ; 0.062      ; 1.156      ;
; 0.944 ; counter[2]       ; counter[5]       ; clk_3125     ; clk_3125    ; 0.000        ; 0.428      ; 1.529      ;
; 0.947 ; state.start      ; counter[0]       ; clk_3125     ; clk_3125    ; 0.000        ; 0.062      ; 1.166      ;
; 0.955 ; state.receive    ; buffer[3]        ; clk_3125     ; clk_3125    ; 0.000        ; 0.062      ; 1.174      ;
; 0.973 ; state.start      ; data_cycles[0]   ; clk_3125     ; clk_3125    ; 0.000        ; 0.062      ; 1.192      ;
; 0.973 ; buffer[3]        ; buffer[3]        ; clk_3125     ; clk_3125    ; 0.000        ; 0.062      ; 1.192      ;
; 0.976 ; rx_msg[4]~reg0   ; rx_complete~reg0 ; clk_3125     ; clk_3125    ; 0.000        ; 0.429      ; 1.562      ;
; 0.984 ; data_cycles[0]   ; data_cycles[1]   ; clk_3125     ; clk_3125    ; 0.000        ; 0.062      ; 1.203      ;
; 0.993 ; data_cycles[3]   ; state.receive    ; clk_3125     ; clk_3125    ; 0.000        ; 0.062      ; 1.212      ;
; 0.998 ; state.start      ; state.receive    ; clk_3125     ; clk_3125    ; 0.000        ; 0.062      ; 1.217      ;
; 1.001 ; state.receive    ; data_cycles[0]   ; clk_3125     ; clk_3125    ; 0.000        ; 0.062      ; 1.220      ;
; 1.003 ; buffer[5]        ; buffer[5]        ; clk_3125     ; clk_3125    ; 0.000        ; 0.062      ; 1.222      ;
; 1.003 ; data_cycles[1]   ; buffer[3]        ; clk_3125     ; clk_3125    ; 0.000        ; 0.062      ; 1.222      ;
; 1.004 ; state.start      ; data_cycles[3]   ; clk_3125     ; clk_3125    ; 0.000        ; 0.062      ; 1.223      ;
; 1.005 ; state.receive    ; buffer[6]        ; clk_3125     ; clk_3125    ; 0.000        ; 0.062      ; 1.224      ;
; 1.006 ; buffer[7]        ; buffer[7]        ; clk_3125     ; clk_3125    ; 0.000        ; 0.062      ; 1.225      ;
; 1.008 ; state.receive    ; counter[3]       ; clk_3125     ; clk_3125    ; 0.000        ; 0.062      ; 1.227      ;
; 1.011 ; state.receive    ; counter[2]       ; clk_3125     ; clk_3125    ; 0.000        ; 0.062      ; 1.230      ;
; 1.012 ; rx_msg[2]~reg0   ; rx_complete~reg0 ; clk_3125     ; clk_3125    ; 0.000        ; 0.429      ; 1.598      ;
; 1.020 ; buffer[3]        ; rx_parity~reg0   ; clk_3125     ; clk_3125    ; 0.000        ; 0.061      ; 1.238      ;
; 1.023 ; buffer[0]        ; rx_msg[0]~reg0   ; clk_3125     ; clk_3125    ; 0.000        ; -0.261     ; 0.919      ;
; 1.032 ; state.receive    ; counter[1]       ; clk_3125     ; clk_3125    ; 0.000        ; 0.062      ; 1.251      ;
; 1.035 ; state.receive    ; counter[4]       ; clk_3125     ; clk_3125    ; 0.000        ; 0.062      ; 1.254      ;
; 1.035 ; state.receive    ; buffer[5]        ; clk_3125     ; clk_3125    ; 0.000        ; 0.062      ; 1.254      ;
; 1.036 ; state.receive    ; data_cycles[3]   ; clk_3125     ; clk_3125    ; 0.000        ; 0.062      ; 1.255      ;
; 1.037 ; state.receive    ; buffer[2]        ; clk_3125     ; clk_3125    ; 0.000        ; 0.062      ; 1.256      ;
; 1.037 ; data_cycles[0]   ; buffer[6]        ; clk_3125     ; clk_3125    ; 0.000        ; 0.062      ; 1.256      ;
; 1.070 ; state.start      ; buffer[5]        ; clk_3125     ; clk_3125    ; 0.000        ; 0.062      ; 1.289      ;
; 1.071 ; state.start      ; buffer[7]        ; clk_3125     ; clk_3125    ; 0.000        ; 0.062      ; 1.290      ;
; 1.073 ; state.start      ; buffer[2]        ; clk_3125     ; clk_3125    ; 0.000        ; 0.062      ; 1.292      ;
; 1.077 ; data_cycles[0]   ; buffer[0]        ; clk_3125     ; clk_3125    ; 0.000        ; 0.397      ; 1.631      ;
; 1.079 ; counter[3]       ; counter[4]       ; clk_3125     ; clk_3125    ; 0.000        ; 0.062      ; 1.298      ;
; 1.079 ; data_cycles[3]   ; counter[1]       ; clk_3125     ; clk_3125    ; 0.000        ; 0.062      ; 1.298      ;
; 1.085 ; data_cycles[3]   ; counter[4]       ; clk_3125     ; clk_3125    ; 0.000        ; 0.062      ; 1.304      ;
; 1.093 ; data_cycles[1]   ; buffer[6]        ; clk_3125     ; clk_3125    ; 0.000        ; 0.062      ; 1.312      ;
; 1.097 ; data_cycles[3]   ; counter[3]       ; clk_3125     ; clk_3125    ; 0.000        ; 0.062      ; 1.316      ;
; 1.097 ; data_cycles[3]   ; counter[2]       ; clk_3125     ; clk_3125    ; 0.000        ; 0.062      ; 1.316      ;
; 1.099 ; state.start      ; counter[2]       ; clk_3125     ; clk_3125    ; 0.000        ; 0.062      ; 1.318      ;
; 1.101 ; counter[3]       ; state.start      ; clk_3125     ; clk_3125    ; 0.000        ; 0.062      ; 1.320      ;
; 1.102 ; state.start      ; counter[3]       ; clk_3125     ; clk_3125    ; 0.000        ; 0.062      ; 1.321      ;
; 1.104 ; counter[0]       ; counter[2]       ; clk_3125     ; clk_3125    ; 0.000        ; 0.062      ; 1.323      ;
; 1.107 ; buffer[3]        ; rx_complete~reg0 ; clk_3125     ; clk_3125    ; 0.000        ; 0.428      ; 1.692      ;
; 1.111 ; data_cycles[3]   ; buffer[6]        ; clk_3125     ; clk_3125    ; 0.000        ; 0.062      ; 1.330      ;
; 1.112 ; data_cycles[3]   ; rx_complete~reg0 ; clk_3125     ; clk_3125    ; 0.000        ; 0.428      ; 1.697      ;
; 1.112 ; counter[2]       ; counter[3]       ; clk_3125     ; clk_3125    ; 0.000        ; 0.062      ; 1.331      ;
; 1.120 ; rx_msg[1]~reg0   ; rx_complete~reg0 ; clk_3125     ; clk_3125    ; 0.000        ; 0.429      ; 1.706      ;
; 1.122 ; data_cycles[1]   ; buffer[0]        ; clk_3125     ; clk_3125    ; 0.000        ; 0.397      ; 1.676      ;
; 1.134 ; rx_msg[6]~reg0   ; rx_complete~reg0 ; clk_3125     ; clk_3125    ; 0.000        ; 0.429      ; 1.720      ;
; 1.136 ; state.start      ; counter[1]       ; clk_3125     ; clk_3125    ; 0.000        ; 0.062      ; 1.355      ;
; 1.136 ; state.start      ; counter[4]       ; clk_3125     ; clk_3125    ; 0.000        ; 0.062      ; 1.355      ;
; 1.138 ; counter[3]       ; state.idle       ; clk_3125     ; clk_3125    ; 0.000        ; 0.062      ; 1.357      ;
; 1.140 ; counter[3]       ; state.receive    ; clk_3125     ; clk_3125    ; 0.000        ; 0.062      ; 1.359      ;
; 1.141 ; counter[5]       ; state.start      ; clk_3125     ; clk_3125    ; 0.000        ; -0.289     ; 1.009      ;
; 1.146 ; data_cycles[0]   ; buffer[1]        ; clk_3125     ; clk_3125    ; 0.000        ; 0.397      ; 1.700      ;
+-------+------------------+------------------+--------------+-------------+--------------+------------+------------+


-----------------------------------------------
; Slow 1200mV 85C Model Metastability Summary ;
-----------------------------------------------
No synchronizer chains to report.


+-----------------------------------------------------------------------------------------------------------+
; Slow 1200mV 0C Model Fmax Summary                                                                         ;
+------------+-----------------+------------+---------------------------------------------------------------+
; Fmax       ; Restricted Fmax ; Clock Name ; Note                                                          ;
+------------+-----------------+------------+---------------------------------------------------------------+
; 475.51 MHz ; 250.0 MHz       ; clk_3125   ; limit due to minimum period restriction (max I/O toggle rate) ;
+------------+-----------------+------------+---------------------------------------------------------------+
This panel reports FMAX for every clock in the design, regardless of the user-specified clock periods.  FMAX is only computed for paths where the source and destination registers or ports are driven by the same clock.  Paths of different clocks, including generated clocks, are ignored.  For paths between a clock and its inversion, FMAX is computed as if the rising and falling edges are scaled along with FMAX, such that the duty cycle (in terms of a percentage) is maintained. Altera recommends that you always use clock constraints and other slack reports for sign-off analysis.


+------------------------------------+
; Slow 1200mV 0C Model Setup Summary ;
+----------+--------+----------------+
; Clock    ; Slack  ; End Point TNS  ;
+----------+--------+----------------+
; clk_3125 ; -1.103 ; -23.167        ;
+----------+--------+----------------+


+-----------------------------------+
; Slow 1200mV 0C Model Hold Summary ;
+----------+-------+----------------+
; Clock    ; Slack ; End Point TNS  ;
+----------+-------+----------------+
; clk_3125 ; 0.206 ; 0.000          ;
+----------+-------+----------------+


-----------------------------------------
; Slow 1200mV 0C Model Recovery Summary ;
-----------------------------------------
No paths to report.


----------------------------------------
; Slow 1200mV 0C Model Removal Summary ;
----------------------------------------
No paths to report.


+--------------------------------------------------+
; Slow 1200mV 0C Model Minimum Pulse Width Summary ;
+----------+--------+------------------------------+
; Clock    ; Slack  ; End Point TNS                ;
+----------+--------+------------------------------+
; clk_3125 ; -3.000 ; -34.000                      ;
+----------+--------+------------------------------+


+------------------------------------------------------------------------------------------------------------------+
; Slow 1200mV 0C Model Setup: 'clk_3125'                                                                           ;
+--------+----------------+------------------+--------------+-------------+--------------+------------+------------+
; Slack  ; From Node      ; To Node          ; Launch Clock ; Latch Clock ; Relationship ; Clock Skew ; Data Delay ;
+--------+----------------+------------------+--------------+-------------+--------------+------------+------------+
; -1.103 ; counter[2]     ; data_cycles[1]   ; clk_3125     ; clk_3125    ; 1.000        ; -0.055     ; 2.043      ;
; -1.087 ; counter[1]     ; data_cycles[1]   ; clk_3125     ; clk_3125    ; 1.000        ; -0.055     ; 2.027      ;
; -1.061 ; counter[2]     ; counter[0]       ; clk_3125     ; clk_3125    ; 1.000        ; -0.055     ; 2.001      ;
; -1.050 ; counter[5]     ; data_cycles[1]   ; clk_3125     ; clk_3125    ; 1.000        ; -0.384     ; 1.661      ;
; -1.045 ; counter[1]     ; counter[0]       ; clk_3125     ; clk_3125    ; 1.000        ; -0.055     ; 1.985      ;
; -1.016 ; data_cycles[2] ; buffer[6]        ; clk_3125     ; clk_3125    ; 1.000        ; -0.384     ; 1.627      ;
; -1.006 ; counter[5]     ; counter[0]       ; clk_3125     ; clk_3125    ; 1.000        ; -0.384     ; 1.617      ;
; -0.992 ; data_cycles[2] ; buffer[3]        ; clk_3125     ; clk_3125    ; 1.000        ; -0.384     ; 1.603      ;
; -0.981 ; counter[2]     ; data_cycles[3]   ; clk_3125     ; clk_3125    ; 1.000        ; -0.055     ; 1.921      ;
; -0.975 ; counter[3]     ; counter[0]       ; clk_3125     ; clk_3125    ; 1.000        ; -0.055     ; 1.915      ;
; -0.974 ; counter[4]     ; data_cycles[1]   ; clk_3125     ; clk_3125    ; 1.000        ; -0.055     ; 1.914      ;
; -0.970 ; counter[2]     ; counter[1]       ; clk_3125     ; clk_3125    ; 1.000        ; -0.055     ; 1.910      ;
; -0.967 ; counter[2]     ; counter[4]       ; clk_3125     ; clk_3125    ; 1.000        ; -0.055     ; 1.907      ;
; -0.965 ; counter[1]     ; data_cycles[3]   ; clk_3125     ; clk_3125    ; 1.000        ; -0.055     ; 1.905      ;
; -0.962 ; counter[1]     ; counter[1]       ; clk_3125     ; clk_3125    ; 1.000        ; -0.055     ; 1.902      ;
; -0.959 ; counter[1]     ; counter[4]       ; clk_3125     ; clk_3125    ; 1.000        ; -0.055     ; 1.899      ;
; -0.956 ; counter[2]     ; rx_complete~reg0 ; clk_3125     ; clk_3125    ; 1.000        ; 0.261      ; 2.212      ;
; -0.947 ; counter[2]     ; counter[3]       ; clk_3125     ; clk_3125    ; 1.000        ; -0.055     ; 1.887      ;
; -0.943 ; counter[2]     ; counter[2]       ; clk_3125     ; clk_3125    ; 1.000        ; -0.055     ; 1.883      ;
; -0.940 ; counter[1]     ; rx_complete~reg0 ; clk_3125     ; clk_3125    ; 1.000        ; 0.261      ; 2.196      ;
; -0.939 ; counter[1]     ; counter[3]       ; clk_3125     ; clk_3125    ; 1.000        ; -0.055     ; 1.879      ;
; -0.935 ; counter[1]     ; counter[2]       ; clk_3125     ; clk_3125    ; 1.000        ; -0.055     ; 1.875      ;
; -0.932 ; counter[4]     ; counter[0]       ; clk_3125     ; clk_3125    ; 1.000        ; -0.055     ; 1.872      ;
; -0.931 ; buffer[4]      ; rx_parity~reg0   ; clk_3125     ; clk_3125    ; 1.000        ; -0.057     ; 1.869      ;
; -0.926 ; counter[5]     ; state.receive    ; clk_3125     ; clk_3125    ; 1.000        ; -0.384     ; 1.537      ;
; -0.926 ; counter[5]     ; data_cycles[3]   ; clk_3125     ; clk_3125    ; 1.000        ; -0.384     ; 1.537      ;
; -0.925 ; counter[2]     ; state.receive    ; clk_3125     ; clk_3125    ; 1.000        ; -0.055     ; 1.865      ;
; -0.917 ; counter[5]     ; data_cycles[0]   ; clk_3125     ; clk_3125    ; 1.000        ; -0.384     ; 1.528      ;
; -0.915 ; counter[3]     ; data_cycles[1]   ; clk_3125     ; clk_3125    ; 1.000        ; -0.055     ; 1.855      ;
; -0.912 ; buffer[7]      ; rx_parity~reg0   ; clk_3125     ; clk_3125    ; 1.000        ; -0.057     ; 1.850      ;
; -0.909 ; counter[1]     ; state.receive    ; clk_3125     ; clk_3125    ; 1.000        ; -0.055     ; 1.849      ;
; -0.901 ; counter[5]     ; rx_complete~reg0 ; clk_3125     ; clk_3125    ; 1.000        ; -0.068     ; 1.828      ;
; -0.900 ; counter[3]     ; rx_complete~reg0 ; clk_3125     ; clk_3125    ; 1.000        ; 0.261      ; 2.156      ;
; -0.885 ; counter[0]     ; counter[0]       ; clk_3125     ; clk_3125    ; 1.000        ; -0.055     ; 1.825      ;
; -0.878 ; counter[5]     ; counter[4]       ; clk_3125     ; clk_3125    ; 1.000        ; -0.384     ; 1.489      ;
; -0.877 ; counter[5]     ; counter[1]       ; clk_3125     ; clk_3125    ; 1.000        ; -0.384     ; 1.488      ;
; -0.852 ; counter[4]     ; data_cycles[3]   ; clk_3125     ; clk_3125    ; 1.000        ; -0.055     ; 1.792      ;
; -0.848 ; counter[4]     ; counter[1]       ; clk_3125     ; clk_3125    ; 1.000        ; -0.055     ; 1.788      ;
; -0.845 ; counter[4]     ; counter[4]       ; clk_3125     ; clk_3125    ; 1.000        ; -0.055     ; 1.785      ;
; -0.844 ; data_cycles[2] ; buffer[2]        ; clk_3125     ; clk_3125    ; 1.000        ; -0.384     ; 1.455      ;
; -0.842 ; data_cycles[2] ; buffer[7]        ; clk_3125     ; clk_3125    ; 1.000        ; -0.384     ; 1.453      ;
; -0.842 ; counter[2]     ; data_cycles[0]   ; clk_3125     ; clk_3125    ; 1.000        ; -0.055     ; 1.782      ;
; -0.841 ; data_cycles[2] ; buffer[5]        ; clk_3125     ; clk_3125    ; 1.000        ; -0.384     ; 1.452      ;
; -0.834 ; counter[3]     ; counter[3]       ; clk_3125     ; clk_3125    ; 1.000        ; -0.055     ; 1.774      ;
; -0.834 ; counter[3]     ; counter[2]       ; clk_3125     ; clk_3125    ; 1.000        ; -0.055     ; 1.774      ;
; -0.827 ; counter[4]     ; rx_complete~reg0 ; clk_3125     ; clk_3125    ; 1.000        ; 0.261      ; 2.083      ;
; -0.826 ; counter[1]     ; data_cycles[0]   ; clk_3125     ; clk_3125    ; 1.000        ; -0.055     ; 1.766      ;
; -0.825 ; counter[4]     ; counter[3]       ; clk_3125     ; clk_3125    ; 1.000        ; -0.055     ; 1.765      ;
; -0.825 ; counter[3]     ; counter[4]       ; clk_3125     ; clk_3125    ; 1.000        ; -0.055     ; 1.765      ;
; -0.822 ; counter[3]     ; counter[1]       ; clk_3125     ; clk_3125    ; 1.000        ; -0.055     ; 1.762      ;
; -0.821 ; counter[4]     ; counter[2]       ; clk_3125     ; clk_3125    ; 1.000        ; -0.055     ; 1.761      ;
; -0.810 ; counter[0]     ; counter[4]       ; clk_3125     ; clk_3125    ; 1.000        ; -0.055     ; 1.750      ;
; -0.810 ; counter[0]     ; rx_complete~reg0 ; clk_3125     ; clk_3125    ; 1.000        ; 0.261      ; 2.066      ;
; -0.810 ; data_cycles[1] ; buffer[5]        ; clk_3125     ; clk_3125    ; 1.000        ; -0.055     ; 1.750      ;
; -0.802 ; data_cycles[3] ; buffer[6]        ; clk_3125     ; clk_3125    ; 1.000        ; -0.055     ; 1.742      ;
; -0.796 ; counter[4]     ; state.receive    ; clk_3125     ; clk_3125    ; 1.000        ; -0.055     ; 1.736      ;
; -0.793 ; counter[3]     ; data_cycles[3]   ; clk_3125     ; clk_3125    ; 1.000        ; -0.055     ; 1.733      ;
; -0.791 ; data_cycles[2] ; buffer[1]        ; clk_3125     ; clk_3125    ; 1.000        ; -0.097     ; 1.689      ;
; -0.789 ; counter[5]     ; counter[3]       ; clk_3125     ; clk_3125    ; 1.000        ; -0.384     ; 1.400      ;
; -0.789 ; counter[5]     ; counter[2]       ; clk_3125     ; clk_3125    ; 1.000        ; -0.384     ; 1.400      ;
; -0.787 ; counter[2]     ; data_cycles[2]   ; clk_3125     ; clk_3125    ; 1.000        ; 0.261      ; 2.043      ;
; -0.774 ; data_cycles[1] ; buffer[7]        ; clk_3125     ; clk_3125    ; 1.000        ; -0.055     ; 1.714      ;
; -0.773 ; data_cycles[1] ; buffer[2]        ; clk_3125     ; clk_3125    ; 1.000        ; -0.055     ; 1.713      ;
; -0.773 ; data_cycles[3] ; buffer[7]        ; clk_3125     ; clk_3125    ; 1.000        ; -0.055     ; 1.713      ;
; -0.771 ; counter[1]     ; data_cycles[2]   ; clk_3125     ; clk_3125    ; 1.000        ; 0.261      ; 2.027      ;
; -0.770 ; data_cycles[1] ; buffer[6]        ; clk_3125     ; clk_3125    ; 1.000        ; -0.055     ; 1.710      ;
; -0.762 ; data_cycles[2] ; buffer[0]        ; clk_3125     ; clk_3125    ; 1.000        ; -0.097     ; 1.660      ;
; -0.760 ; data_cycles[3] ; buffer[5]        ; clk_3125     ; clk_3125    ; 1.000        ; -0.055     ; 1.700      ;
; -0.757 ; data_cycles[3] ; buffer[2]        ; clk_3125     ; clk_3125    ; 1.000        ; -0.055     ; 1.697      ;
; -0.755 ; buffer[5]      ; rx_parity~reg0   ; clk_3125     ; clk_3125    ; 1.000        ; -0.057     ; 1.693      ;
; -0.751 ; data_cycles[2] ; buffer[4]        ; clk_3125     ; clk_3125    ; 1.000        ; -0.384     ; 1.362      ;
; -0.744 ; counter[0]     ; counter[3]       ; clk_3125     ; clk_3125    ; 1.000        ; -0.055     ; 1.684      ;
; -0.744 ; counter[0]     ; counter[2]       ; clk_3125     ; clk_3125    ; 1.000        ; -0.055     ; 1.684      ;
; -0.739 ; data_cycles[0] ; buffer[7]        ; clk_3125     ; clk_3125    ; 1.000        ; -0.056     ; 1.678      ;
; -0.737 ; counter[3]     ; state.receive    ; clk_3125     ; clk_3125    ; 1.000        ; -0.055     ; 1.677      ;
; -0.733 ; counter[5]     ; data_cycles[2]   ; clk_3125     ; clk_3125    ; 1.000        ; -0.068     ; 1.660      ;
; -0.732 ; counter[0]     ; counter[1]       ; clk_3125     ; clk_3125    ; 1.000        ; -0.055     ; 1.672      ;
; -0.729 ; buffer[4]      ; rx_complete~reg0 ; clk_3125     ; clk_3125    ; 1.000        ; 0.260      ; 1.984      ;
; -0.729 ; state.receive  ; buffer[3]        ; clk_3125     ; clk_3125    ; 1.000        ; -0.055     ; 1.669      ;
; -0.728 ; data_cycles[0] ; buffer[5]        ; clk_3125     ; clk_3125    ; 1.000        ; -0.056     ; 1.667      ;
; -0.725 ; data_cycles[1] ; buffer[4]        ; clk_3125     ; clk_3125    ; 1.000        ; -0.055     ; 1.665      ;
; -0.723 ; buffer[7]      ; rx_complete~reg0 ; clk_3125     ; clk_3125    ; 1.000        ; 0.260      ; 1.978      ;
; -0.713 ; counter[4]     ; data_cycles[0]   ; clk_3125     ; clk_3125    ; 1.000        ; -0.055     ; 1.653      ;
; -0.708 ; data_cycles[3] ; data_cycles[1]   ; clk_3125     ; clk_3125    ; 1.000        ; -0.055     ; 1.648      ;
; -0.704 ; state.receive  ; data_cycles[1]   ; clk_3125     ; clk_3125    ; 1.000        ; -0.055     ; 1.644      ;
; -0.704 ; data_cycles[0] ; buffer[2]        ; clk_3125     ; clk_3125    ; 1.000        ; -0.056     ; 1.643      ;
; -0.703 ; counter[3]     ; state.idle       ; clk_3125     ; clk_3125    ; 1.000        ; -0.055     ; 1.643      ;
; -0.699 ; state.start    ; buffer[6]        ; clk_3125     ; clk_3125    ; 1.000        ; -0.055     ; 1.639      ;
; -0.697 ; data_cycles[3] ; buffer[4]        ; clk_3125     ; clk_3125    ; 1.000        ; -0.055     ; 1.637      ;
; -0.688 ; counter[1]     ; state.idle       ; clk_3125     ; clk_3125    ; 1.000        ; -0.055     ; 1.628      ;
; -0.680 ; data_cycles[1] ; buffer[3]        ; clk_3125     ; clk_3125    ; 1.000        ; -0.055     ; 1.620      ;
; -0.679 ; buffer[6]      ; rx_parity~reg0   ; clk_3125     ; clk_3125    ; 1.000        ; -0.057     ; 1.617      ;
; -0.675 ; data_cycles[0] ; buffer[6]        ; clk_3125     ; clk_3125    ; 1.000        ; -0.056     ; 1.614      ;
; -0.673 ; rx_msg[0]~reg0 ; rx_complete~reg0 ; clk_3125     ; clk_3125    ; 1.000        ; 0.262      ; 1.930      ;
; -0.658 ; counter[4]     ; data_cycles[2]   ; clk_3125     ; clk_3125    ; 1.000        ; 0.261      ; 1.914      ;
; -0.658 ; counter[5]     ; state.idle       ; clk_3125     ; clk_3125    ; 1.000        ; -0.384     ; 1.269      ;
; -0.654 ; counter[3]     ; data_cycles[0]   ; clk_3125     ; clk_3125    ; 1.000        ; -0.055     ; 1.594      ;
; -0.650 ; data_cycles[0] ; buffer[4]        ; clk_3125     ; clk_3125    ; 1.000        ; -0.056     ; 1.589      ;
; -0.641 ; buffer[6]      ; buffer[6]        ; clk_3125     ; clk_3125    ; 1.000        ; -0.056     ; 1.580      ;
; -0.636 ; buffer[1]      ; rx_complete~reg0 ; clk_3125     ; clk_3125    ; 1.000        ; -0.038     ; 1.593      ;
+--------+----------------+------------------+--------------+-------------+--------------+------------+------------+


+-------------------------------------------------------------------------------------------------------------------+
; Slow 1200mV 0C Model Hold: 'clk_3125'                                                                             ;
+-------+------------------+------------------+--------------+-------------+--------------+------------+------------+
; Slack ; From Node        ; To Node          ; Launch Clock ; Latch Clock ; Relationship ; Clock Skew ; Data Delay ;
+-------+------------------+------------------+--------------+-------------+--------------+------------+------------+
; 0.206 ; state.idle       ; rx_complete~reg0 ; clk_3125     ; clk_3125    ; 0.000        ; 0.384      ; 0.734      ;
; 0.299 ; data_cycles[2]   ; data_cycles[2]   ; clk_3125     ; clk_3125    ; 0.000        ; 0.068      ; 0.511      ;
; 0.299 ; rx_complete~reg0 ; rx_complete~reg0 ; clk_3125     ; clk_3125    ; 0.000        ; 0.068      ; 0.511      ;
; 0.311 ; data_cycles[0]   ; data_cycles[0]   ; clk_3125     ; clk_3125    ; 0.000        ; 0.056      ; 0.511      ;
; 0.312 ; state.start      ; state.start      ; clk_3125     ; clk_3125    ; 0.000        ; 0.055      ; 0.511      ;
; 0.312 ; counter[1]       ; counter[1]       ; clk_3125     ; clk_3125    ; 0.000        ; 0.055      ; 0.511      ;
; 0.312 ; counter[4]       ; counter[4]       ; clk_3125     ; clk_3125    ; 0.000        ; 0.055      ; 0.511      ;
; 0.312 ; state.receive    ; state.receive    ; clk_3125     ; clk_3125    ; 0.000        ; 0.055      ; 0.511      ;
; 0.312 ; data_cycles[3]   ; data_cycles[3]   ; clk_3125     ; clk_3125    ; 0.000        ; 0.055      ; 0.511      ;
; 0.312 ; data_cycles[1]   ; data_cycles[1]   ; clk_3125     ; clk_3125    ; 0.000        ; 0.055      ; 0.511      ;
; 0.355 ; state.idle       ; state.start      ; clk_3125     ; clk_3125    ; 0.000        ; 0.055      ; 0.554      ;
; 0.539 ; counter[4]       ; counter[5]       ; clk_3125     ; clk_3125    ; 0.000        ; 0.384      ; 1.067      ;
; 0.575 ; state.receive    ; buffer[1]        ; clk_3125     ; clk_3125    ; 0.000        ; 0.354      ; 1.073      ;
; 0.576 ; state.receive    ; buffer[0]        ; clk_3125     ; clk_3125    ; 0.000        ; 0.354      ; 1.074      ;
; 0.590 ; state.receive    ; counter[5]       ; clk_3125     ; clk_3125    ; 0.000        ; 0.384      ; 1.118      ;
; 0.592 ; state.receive    ; counter[0]       ; clk_3125     ; clk_3125    ; 0.000        ; 0.055      ; 0.791      ;
; 0.593 ; state.receive    ; state.idle       ; clk_3125     ; clk_3125    ; 0.000        ; 0.055      ; 0.792      ;
; 0.639 ; state.start      ; buffer[1]        ; clk_3125     ; clk_3125    ; 0.000        ; 0.354      ; 1.137      ;
; 0.646 ; state.receive    ; rx_complete~reg0 ; clk_3125     ; clk_3125    ; 0.000        ; 0.384      ; 1.174      ;
; 0.659 ; buffer[1]        ; rx_msg[1]~reg0   ; clk_3125     ; clk_3125    ; 0.000        ; -0.233     ; 0.570      ;
; 0.664 ; data_cycles[3]   ; counter[5]       ; clk_3125     ; clk_3125    ; 0.000        ; 0.384      ; 1.192      ;
; 0.671 ; state.start      ; counter[5]       ; clk_3125     ; clk_3125    ; 0.000        ; 0.384      ; 1.199      ;
; 0.672 ; data_cycles[0]   ; data_cycles[2]   ; clk_3125     ; clk_3125    ; 0.000        ; 0.384      ; 1.200      ;
; 0.673 ; buffer[3]        ; rx_msg[3]~reg0   ; clk_3125     ; clk_3125    ; 0.000        ; 0.054      ; 0.871      ;
; 0.680 ; buffer[7]        ; rx_msg[7]~reg0   ; clk_3125     ; clk_3125    ; 0.000        ; 0.054      ; 0.878      ;
; 0.680 ; data_cycles[1]   ; data_cycles[2]   ; clk_3125     ; clk_3125    ; 0.000        ; 0.384      ; 1.208      ;
; 0.692 ; counter[3]       ; counter[5]       ; clk_3125     ; clk_3125    ; 0.000        ; 0.384      ; 1.220      ;
; 0.710 ; buffer[6]        ; rx_msg[6]~reg0   ; clk_3125     ; clk_3125    ; 0.000        ; 0.054      ; 0.908      ;
; 0.711 ; counter[0]       ; counter[1]       ; clk_3125     ; clk_3125    ; 0.000        ; 0.055      ; 0.910      ;
; 0.744 ; state.receive    ; data_cycles[2]   ; clk_3125     ; clk_3125    ; 0.000        ; 0.384      ; 1.272      ;
; 0.754 ; data_cycles[3]   ; buffer[3]        ; clk_3125     ; clk_3125    ; 0.000        ; 0.055      ; 0.953      ;
; 0.754 ; counter[5]       ; counter[5]       ; clk_3125     ; clk_3125    ; 0.000        ; 0.068      ; 0.966      ;
; 0.758 ; data_cycles[3]   ; data_cycles[2]   ; clk_3125     ; clk_3125    ; 0.000        ; 0.384      ; 1.286      ;
; 0.773 ; buffer[2]        ; rx_msg[2]~reg0   ; clk_3125     ; clk_3125    ; 0.000        ; 0.054      ; 0.971      ;
; 0.783 ; buffer[0]        ; buffer[0]        ; clk_3125     ; clk_3125    ; 0.000        ; 0.067      ; 0.994      ;
; 0.786 ; data_cycles[3]   ; state.idle       ; clk_3125     ; clk_3125    ; 0.000        ; 0.055      ; 0.985      ;
; 0.787 ; buffer[2]        ; buffer[2]        ; clk_3125     ; clk_3125    ; 0.000        ; 0.056      ; 0.987      ;
; 0.793 ; buffer[5]        ; rx_msg[5]~reg0   ; clk_3125     ; clk_3125    ; 0.000        ; 0.054      ; 0.991      ;
; 0.795 ; data_cycles[0]   ; buffer[3]        ; clk_3125     ; clk_3125    ; 0.000        ; 0.055      ; 0.994      ;
; 0.808 ; state.start      ; data_cycles[2]   ; clk_3125     ; clk_3125    ; 0.000        ; 0.384      ; 1.336      ;
; 0.812 ; state.start      ; buffer[0]        ; clk_3125     ; clk_3125    ; 0.000        ; 0.354      ; 1.310      ;
; 0.832 ; buffer[4]        ; rx_msg[4]~reg0   ; clk_3125     ; clk_3125    ; 0.000        ; 0.054      ; 1.030      ;
; 0.835 ; counter[0]       ; counter[0]       ; clk_3125     ; clk_3125    ; 0.000        ; 0.055      ; 1.034      ;
; 0.841 ; state.receive    ; buffer[7]        ; clk_3125     ; clk_3125    ; 0.000        ; 0.056      ; 1.041      ;
; 0.841 ; buffer[1]        ; buffer[1]        ; clk_3125     ; clk_3125    ; 0.000        ; 0.067      ; 1.052      ;
; 0.843 ; state.receive    ; buffer[4]        ; clk_3125     ; clk_3125    ; 0.000        ; 0.056      ; 1.043      ;
; 0.845 ; counter[1]       ; counter[5]       ; clk_3125     ; clk_3125    ; 0.000        ; 0.384      ; 1.373      ;
; 0.847 ; state.start      ; counter[0]       ; clk_3125     ; clk_3125    ; 0.000        ; 0.055      ; 1.046      ;
; 0.855 ; counter[2]       ; counter[5]       ; clk_3125     ; clk_3125    ; 0.000        ; 0.384      ; 1.383      ;
; 0.875 ; state.receive    ; buffer[3]        ; clk_3125     ; clk_3125    ; 0.000        ; 0.055      ; 1.074      ;
; 0.879 ; buffer[3]        ; buffer[3]        ; clk_3125     ; clk_3125    ; 0.000        ; 0.055      ; 1.078      ;
; 0.885 ; rx_msg[4]~reg0   ; rx_complete~reg0 ; clk_3125     ; clk_3125    ; 0.000        ; 0.385      ; 1.414      ;
; 0.888 ; data_cycles[1]   ; buffer[3]        ; clk_3125     ; clk_3125    ; 0.000        ; 0.055      ; 1.087      ;
; 0.889 ; state.start      ; data_cycles[0]   ; clk_3125     ; clk_3125    ; 0.000        ; 0.056      ; 1.089      ;
; 0.899 ; state.start      ; state.receive    ; clk_3125     ; clk_3125    ; 0.000        ; 0.055      ; 1.098      ;
; 0.899 ; data_cycles[0]   ; data_cycles[1]   ; clk_3125     ; clk_3125    ; 0.000        ; 0.055      ; 1.098      ;
; 0.907 ; data_cycles[3]   ; state.receive    ; clk_3125     ; clk_3125    ; 0.000        ; 0.055      ; 1.106      ;
; 0.911 ; state.receive    ; buffer[6]        ; clk_3125     ; clk_3125    ; 0.000        ; 0.056      ; 1.111      ;
; 0.914 ; state.start      ; data_cycles[3]   ; clk_3125     ; clk_3125    ; 0.000        ; 0.055      ; 1.113      ;
; 0.917 ; buffer[5]        ; buffer[5]        ; clk_3125     ; clk_3125    ; 0.000        ; 0.056      ; 1.117      ;
; 0.917 ; state.receive    ; data_cycles[0]   ; clk_3125     ; clk_3125    ; 0.000        ; 0.056      ; 1.117      ;
; 0.917 ; buffer[7]        ; buffer[7]        ; clk_3125     ; clk_3125    ; 0.000        ; 0.056      ; 1.117      ;
; 0.919 ; state.receive    ; counter[3]       ; clk_3125     ; clk_3125    ; 0.000        ; 0.055      ; 1.118      ;
; 0.922 ; state.receive    ; counter[2]       ; clk_3125     ; clk_3125    ; 0.000        ; 0.055      ; 1.121      ;
; 0.927 ; buffer[0]        ; rx_msg[0]~reg0   ; clk_3125     ; clk_3125    ; 0.000        ; -0.233     ; 0.838      ;
; 0.929 ; rx_msg[2]~reg0   ; rx_complete~reg0 ; clk_3125     ; clk_3125    ; 0.000        ; 0.385      ; 1.458      ;
; 0.930 ; buffer[3]        ; rx_parity~reg0   ; clk_3125     ; clk_3125    ; 0.000        ; 0.054      ; 1.128      ;
; 0.939 ; state.receive    ; buffer[5]        ; clk_3125     ; clk_3125    ; 0.000        ; 0.056      ; 1.139      ;
; 0.941 ; state.receive    ; buffer[2]        ; clk_3125     ; clk_3125    ; 0.000        ; 0.056      ; 1.141      ;
; 0.942 ; state.receive    ; counter[1]       ; clk_3125     ; clk_3125    ; 0.000        ; 0.055      ; 1.141      ;
; 0.944 ; state.receive    ; counter[4]       ; clk_3125     ; clk_3125    ; 0.000        ; 0.055      ; 1.143      ;
; 0.948 ; state.receive    ; data_cycles[3]   ; clk_3125     ; clk_3125    ; 0.000        ; 0.055      ; 1.147      ;
; 0.960 ; data_cycles[0]   ; buffer[6]        ; clk_3125     ; clk_3125    ; 0.000        ; 0.056      ; 1.160      ;
; 0.966 ; data_cycles[1]   ; buffer[6]        ; clk_3125     ; clk_3125    ; 0.000        ; 0.056      ; 1.166      ;
; 0.977 ; data_cycles[3]   ; counter[1]       ; clk_3125     ; clk_3125    ; 0.000        ; 0.055      ; 1.176      ;
; 0.981 ; state.start      ; buffer[5]        ; clk_3125     ; clk_3125    ; 0.000        ; 0.056      ; 1.181      ;
; 0.982 ; counter[3]       ; counter[4]       ; clk_3125     ; clk_3125    ; 0.000        ; 0.055      ; 1.181      ;
; 0.982 ; state.start      ; buffer[7]        ; clk_3125     ; clk_3125    ; 0.000        ; 0.056      ; 1.182      ;
; 0.982 ; data_cycles[3]   ; counter[4]       ; clk_3125     ; clk_3125    ; 0.000        ; 0.055      ; 1.181      ;
; 0.983 ; counter[3]       ; state.start      ; clk_3125     ; clk_3125    ; 0.000        ; 0.055      ; 1.182      ;
; 0.984 ; state.start      ; buffer[2]        ; clk_3125     ; clk_3125    ; 0.000        ; 0.056      ; 1.184      ;
; 0.988 ; data_cycles[3]   ; buffer[6]        ; clk_3125     ; clk_3125    ; 0.000        ; 0.056      ; 1.188      ;
; 0.992 ; counter[0]       ; counter[2]       ; clk_3125     ; clk_3125    ; 0.000        ; 0.055      ; 1.191      ;
; 0.993 ; data_cycles[3]   ; counter[3]       ; clk_3125     ; clk_3125    ; 0.000        ; 0.055      ; 1.192      ;
; 0.993 ; data_cycles[3]   ; counter[2]       ; clk_3125     ; clk_3125    ; 0.000        ; 0.055      ; 1.192      ;
; 0.996 ; data_cycles[0]   ; buffer[0]        ; clk_3125     ; clk_3125    ; 0.000        ; 0.354      ; 1.494      ;
; 0.999 ; state.start      ; counter[2]       ; clk_3125     ; clk_3125    ; 0.000        ; 0.055      ; 1.198      ;
; 1.001 ; data_cycles[3]   ; rx_complete~reg0 ; clk_3125     ; clk_3125    ; 0.000        ; 0.384      ; 1.529      ;
; 1.001 ; state.start      ; counter[3]       ; clk_3125     ; clk_3125    ; 0.000        ; 0.055      ; 1.200      ;
; 1.012 ; buffer[3]        ; rx_complete~reg0 ; clk_3125     ; clk_3125    ; 0.000        ; 0.384      ; 1.540      ;
; 1.018 ; counter[2]       ; counter[3]       ; clk_3125     ; clk_3125    ; 0.000        ; 0.055      ; 1.217      ;
; 1.019 ; data_cycles[1]   ; buffer[0]        ; clk_3125     ; clk_3125    ; 0.000        ; 0.354      ; 1.517      ;
; 1.024 ; counter[3]       ; state.idle       ; clk_3125     ; clk_3125    ; 0.000        ; 0.055      ; 1.223      ;
; 1.024 ; rx_msg[1]~reg0   ; rx_complete~reg0 ; clk_3125     ; clk_3125    ; 0.000        ; 0.385      ; 1.553      ;
; 1.027 ; counter[3]       ; state.receive    ; clk_3125     ; clk_3125    ; 0.000        ; 0.055      ; 1.226      ;
; 1.029 ; state.start      ; counter[1]       ; clk_3125     ; clk_3125    ; 0.000        ; 0.055      ; 1.228      ;
; 1.029 ; state.start      ; counter[4]       ; clk_3125     ; clk_3125    ; 0.000        ; 0.055      ; 1.228      ;
; 1.031 ; data_cycles[0]   ; buffer[1]        ; clk_3125     ; clk_3125    ; 0.000        ; 0.354      ; 1.529      ;
; 1.033 ; counter[5]       ; state.start      ; clk_3125     ; clk_3125    ; 0.000        ; -0.261     ; 0.916      ;
; 1.034 ; counter[3]       ; data_cycles[2]   ; clk_3125     ; clk_3125    ; 0.000        ; 0.384      ; 1.562      ;
+-------+------------------+------------------+--------------+-------------+--------------+------------+------------+


----------------------------------------------
; Slow 1200mV 0C Model Metastability Summary ;
----------------------------------------------
No synchronizer chains to report.


+------------------------------------+
; Fast 1200mV 0C Model Setup Summary ;
+----------+--------+----------------+
; Clock    ; Slack  ; End Point TNS  ;
+----------+--------+----------------+
; clk_3125 ; -0.293 ; -3.814         ;
+----------+--------+----------------+


+-----------------------------------+
; Fast 1200mV 0C Model Hold Summary ;
+----------+-------+----------------+
; Clock    ; Slack ; End Point TNS  ;
+----------+-------+----------------+
; clk_3125 ; 0.121 ; 0.000          ;
+----------+-------+----------------+


-----------------------------------------
; Fast 1200mV 0C Model Recovery Summary ;
-----------------------------------------
No paths to report.


----------------------------------------
; Fast 1200mV 0C Model Removal Summary ;
----------------------------------------
No paths to report.


+--------------------------------------------------+
; Fast 1200mV 0C Model Minimum Pulse Width Summary ;
+----------+--------+------------------------------+
; Clock    ; Slack  ; End Point TNS                ;
+----------+--------+------------------------------+
; clk_3125 ; -3.000 ; -35.843                      ;
+----------+--------+------------------------------+


+------------------------------------------------------------------------------------------------------------------+
; Fast 1200mV 0C Model Setup: 'clk_3125'                                                                           ;
+--------+----------------+------------------+--------------+-------------+--------------+------------+------------+
; Slack  ; From Node      ; To Node          ; Launch Clock ; Latch Clock ; Relationship ; Clock Skew ; Data Delay ;
+--------+----------------+------------------+--------------+-------------+--------------+------------+------------+
; -0.293 ; counter[2]     ; data_cycles[1]   ; clk_3125     ; clk_3125    ; 1.000        ; -0.037     ; 1.243      ;
; -0.283 ; counter[1]     ; data_cycles[1]   ; clk_3125     ; clk_3125    ; 1.000        ; -0.037     ; 1.233      ;
; -0.257 ; counter[2]     ; counter[0]       ; clk_3125     ; clk_3125    ; 1.000        ; -0.037     ; 1.207      ;
; -0.253 ; counter[1]     ; counter[0]       ; clk_3125     ; clk_3125    ; 1.000        ; -0.037     ; 1.203      ;
; -0.239 ; counter[5]     ; data_cycles[1]   ; clk_3125     ; clk_3125    ; 1.000        ; -0.234     ; 0.992      ;
; -0.238 ; buffer[4]      ; rx_parity~reg0   ; clk_3125     ; clk_3125    ; 1.000        ; -0.037     ; 1.188      ;
; -0.233 ; counter[2]     ; counter[1]       ; clk_3125     ; clk_3125    ; 1.000        ; -0.037     ; 1.183      ;
; -0.232 ; counter[2]     ; counter[4]       ; clk_3125     ; clk_3125    ; 1.000        ; -0.037     ; 1.182      ;
; -0.229 ; counter[1]     ; counter[1]       ; clk_3125     ; clk_3125    ; 1.000        ; -0.037     ; 1.179      ;
; -0.228 ; counter[1]     ; counter[4]       ; clk_3125     ; clk_3125    ; 1.000        ; -0.037     ; 1.178      ;
; -0.223 ; buffer[7]      ; rx_parity~reg0   ; clk_3125     ; clk_3125    ; 1.000        ; -0.037     ; 1.173      ;
; -0.222 ; counter[2]     ; rx_complete~reg0 ; clk_3125     ; clk_3125    ; 1.000        ; 0.153      ; 1.362      ;
; -0.220 ; data_cycles[2] ; buffer[6]        ; clk_3125     ; clk_3125    ; 1.000        ; -0.234     ; 0.973      ;
; -0.219 ; counter[2]     ; counter[3]       ; clk_3125     ; clk_3125    ; 1.000        ; -0.037     ; 1.169      ;
; -0.218 ; counter[1]     ; rx_complete~reg0 ; clk_3125     ; clk_3125    ; 1.000        ; 0.153      ; 1.358      ;
; -0.217 ; counter[2]     ; counter[2]       ; clk_3125     ; clk_3125    ; 1.000        ; -0.037     ; 1.167      ;
; -0.216 ; data_cycles[2] ; buffer[3]        ; clk_3125     ; clk_3125    ; 1.000        ; -0.234     ; 0.969      ;
; -0.215 ; counter[1]     ; counter[3]       ; clk_3125     ; clk_3125    ; 1.000        ; -0.037     ; 1.165      ;
; -0.213 ; counter[5]     ; counter[0]       ; clk_3125     ; clk_3125    ; 1.000        ; -0.234     ; 0.966      ;
; -0.213 ; counter[1]     ; counter[2]       ; clk_3125     ; clk_3125    ; 1.000        ; -0.037     ; 1.163      ;
; -0.210 ; counter[5]     ; state.receive    ; clk_3125     ; clk_3125    ; 1.000        ; -0.234     ; 0.963      ;
; -0.210 ; counter[2]     ; data_cycles[3]   ; clk_3125     ; clk_3125    ; 1.000        ; -0.037     ; 1.160      ;
; -0.205 ; counter[3]     ; counter[0]       ; clk_3125     ; clk_3125    ; 1.000        ; -0.037     ; 1.155      ;
; -0.200 ; counter[4]     ; data_cycles[1]   ; clk_3125     ; clk_3125    ; 1.000        ; -0.037     ; 1.150      ;
; -0.200 ; counter[1]     ; data_cycles[3]   ; clk_3125     ; clk_3125    ; 1.000        ; -0.037     ; 1.150      ;
; -0.190 ; counter[2]     ; state.receive    ; clk_3125     ; clk_3125    ; 1.000        ; -0.037     ; 1.140      ;
; -0.184 ; counter[4]     ; counter[0]       ; clk_3125     ; clk_3125    ; 1.000        ; -0.037     ; 1.134      ;
; -0.180 ; counter[1]     ; state.receive    ; clk_3125     ; clk_3125    ; 1.000        ; -0.037     ; 1.130      ;
; -0.178 ; counter[5]     ; rx_complete~reg0 ; clk_3125     ; clk_3125    ; 1.000        ; -0.044     ; 1.121      ;
; -0.174 ; counter[5]     ; data_cycles[0]   ; clk_3125     ; clk_3125    ; 1.000        ; -0.234     ; 0.927      ;
; -0.171 ; counter[3]     ; data_cycles[1]   ; clk_3125     ; clk_3125    ; 1.000        ; -0.037     ; 1.121      ;
; -0.170 ; counter[5]     ; data_cycles[3]   ; clk_3125     ; clk_3125    ; 1.000        ; -0.234     ; 0.923      ;
; -0.169 ; counter[3]     ; rx_complete~reg0 ; clk_3125     ; clk_3125    ; 1.000        ; 0.153      ; 1.309      ;
; -0.160 ; counter[4]     ; counter[1]       ; clk_3125     ; clk_3125    ; 1.000        ; -0.037     ; 1.110      ;
; -0.159 ; counter[4]     ; counter[4]       ; clk_3125     ; clk_3125    ; 1.000        ; -0.037     ; 1.109      ;
; -0.151 ; counter[0]     ; counter[4]       ; clk_3125     ; clk_3125    ; 1.000        ; -0.036     ; 1.102      ;
; -0.150 ; counter[0]     ; counter[0]       ; clk_3125     ; clk_3125    ; 1.000        ; -0.036     ; 1.101      ;
; -0.149 ; counter[4]     ; rx_complete~reg0 ; clk_3125     ; clk_3125    ; 1.000        ; 0.153      ; 1.289      ;
; -0.146 ; data_cycles[2] ; buffer[7]        ; clk_3125     ; clk_3125    ; 1.000        ; -0.234     ; 0.899      ;
; -0.146 ; counter[4]     ; counter[3]       ; clk_3125     ; clk_3125    ; 1.000        ; -0.037     ; 1.096      ;
; -0.144 ; data_cycles[2] ; buffer[5]        ; clk_3125     ; clk_3125    ; 1.000        ; -0.234     ; 0.897      ;
; -0.144 ; counter[4]     ; counter[2]       ; clk_3125     ; clk_3125    ; 1.000        ; -0.037     ; 1.094      ;
; -0.140 ; counter[5]     ; counter[4]       ; clk_3125     ; clk_3125    ; 1.000        ; -0.234     ; 0.893      ;
; -0.138 ; counter[5]     ; counter[1]       ; clk_3125     ; clk_3125    ; 1.000        ; -0.234     ; 0.891      ;
; -0.130 ; data_cycles[2] ; buffer[2]        ; clk_3125     ; clk_3125    ; 1.000        ; -0.234     ; 0.883      ;
; -0.121 ; counter[3]     ; counter[1]       ; clk_3125     ; clk_3125    ; 1.000        ; -0.037     ; 1.071      ;
; -0.120 ; counter[3]     ; counter[4]       ; clk_3125     ; clk_3125    ; 1.000        ; -0.037     ; 1.070      ;
; -0.118 ; data_cycles[1] ; buffer[5]        ; clk_3125     ; clk_3125    ; 1.000        ; -0.037     ; 1.068      ;
; -0.118 ; buffer[5]      ; rx_parity~reg0   ; clk_3125     ; clk_3125    ; 1.000        ; -0.037     ; 1.068      ;
; -0.118 ; data_cycles[3] ; buffer[7]        ; clk_3125     ; clk_3125    ; 1.000        ; -0.037     ; 1.068      ;
; -0.117 ; counter[4]     ; data_cycles[3]   ; clk_3125     ; clk_3125    ; 1.000        ; -0.037     ; 1.067      ;
; -0.114 ; counter[0]     ; rx_complete~reg0 ; clk_3125     ; clk_3125    ; 1.000        ; 0.154      ; 1.255      ;
; -0.113 ; data_cycles[2] ; buffer[1]        ; clk_3125     ; clk_3125    ; 1.000        ; -0.060     ; 1.040      ;
; -0.113 ; buffer[4]      ; rx_complete~reg0 ; clk_3125     ; clk_3125    ; 1.000        ; 0.153      ; 1.253      ;
; -0.113 ; data_cycles[1] ; buffer[7]        ; clk_3125     ; clk_3125    ; 1.000        ; -0.037     ; 1.063      ;
; -0.112 ; counter[2]     ; data_cycles[0]   ; clk_3125     ; clk_3125    ; 1.000        ; -0.037     ; 1.062      ;
; -0.109 ; data_cycles[3] ; buffer[2]        ; clk_3125     ; clk_3125    ; 1.000        ; -0.037     ; 1.059      ;
; -0.109 ; data_cycles[3] ; buffer[5]        ; clk_3125     ; clk_3125    ; 1.000        ; -0.037     ; 1.059      ;
; -0.108 ; counter[3]     ; counter[2]       ; clk_3125     ; clk_3125    ; 1.000        ; -0.037     ; 1.058      ;
; -0.107 ; counter[3]     ; counter[3]       ; clk_3125     ; clk_3125    ; 1.000        ; -0.037     ; 1.057      ;
; -0.107 ; buffer[7]      ; rx_complete~reg0 ; clk_3125     ; clk_3125    ; 1.000        ; 0.153      ; 1.247      ;
; -0.107 ; data_cycles[1] ; buffer[2]        ; clk_3125     ; clk_3125    ; 1.000        ; -0.037     ; 1.057      ;
; -0.106 ; data_cycles[3] ; buffer[6]        ; clk_3125     ; clk_3125    ; 1.000        ; -0.037     ; 1.056      ;
; -0.102 ; counter[2]     ; data_cycles[2]   ; clk_3125     ; clk_3125    ; 1.000        ; 0.153      ; 1.242      ;
; -0.102 ; counter[1]     ; data_cycles[0]   ; clk_3125     ; clk_3125    ; 1.000        ; -0.037     ; 1.052      ;
; -0.101 ; state.receive  ; buffer[3]        ; clk_3125     ; clk_3125    ; 1.000        ; -0.036     ; 1.052      ;
; -0.097 ; counter[4]     ; state.receive    ; clk_3125     ; clk_3125    ; 1.000        ; -0.037     ; 1.047      ;
; -0.095 ; data_cycles[0] ; buffer[7]        ; clk_3125     ; clk_3125    ; 1.000        ; -0.037     ; 1.045      ;
; -0.092 ; data_cycles[2] ; buffer[4]        ; clk_3125     ; clk_3125    ; 1.000        ; -0.234     ; 0.845      ;
; -0.092 ; data_cycles[2] ; buffer[0]        ; clk_3125     ; clk_3125    ; 1.000        ; -0.060     ; 1.019      ;
; -0.092 ; counter[1]     ; data_cycles[2]   ; clk_3125     ; clk_3125    ; 1.000        ; 0.153      ; 1.232      ;
; -0.091 ; state.receive  ; data_cycles[1]   ; clk_3125     ; clk_3125    ; 1.000        ; -0.036     ; 1.042      ;
; -0.088 ; state.start    ; buffer[6]        ; clk_3125     ; clk_3125    ; 1.000        ; -0.036     ; 1.039      ;
; -0.088 ; counter[3]     ; data_cycles[3]   ; clk_3125     ; clk_3125    ; 1.000        ; -0.037     ; 1.038      ;
; -0.087 ; data_cycles[3] ; data_cycles[1]   ; clk_3125     ; clk_3125    ; 1.000        ; -0.037     ; 1.037      ;
; -0.087 ; data_cycles[0] ; buffer[5]        ; clk_3125     ; clk_3125    ; 1.000        ; -0.037     ; 1.037      ;
; -0.085 ; data_cycles[1] ; buffer[6]        ; clk_3125     ; clk_3125    ; 1.000        ; -0.037     ; 1.035      ;
; -0.080 ; buffer[6]      ; rx_parity~reg0   ; clk_3125     ; clk_3125    ; 1.000        ; -0.037     ; 1.030      ;
; -0.079 ; data_cycles[3] ; buffer[4]        ; clk_3125     ; clk_3125    ; 1.000        ; -0.037     ; 1.029      ;
; -0.078 ; counter[5]     ; counter[2]       ; clk_3125     ; clk_3125    ; 1.000        ; -0.234     ; 0.831      ;
; -0.076 ; counter[5]     ; counter[3]       ; clk_3125     ; clk_3125    ; 1.000        ; -0.234     ; 0.829      ;
; -0.073 ; data_cycles[1] ; buffer[4]        ; clk_3125     ; clk_3125    ; 1.000        ; -0.037     ; 1.023      ;
; -0.072 ; rx_msg[0]~reg0 ; rx_complete~reg0 ; clk_3125     ; clk_3125    ; 1.000        ; 0.154      ; 1.213      ;
; -0.068 ; counter[3]     ; state.receive    ; clk_3125     ; clk_3125    ; 1.000        ; -0.037     ; 1.018      ;
; -0.053 ; counter[0]     ; counter[2]       ; clk_3125     ; clk_3125    ; 1.000        ; -0.036     ; 1.004      ;
; -0.051 ; counter[0]     ; counter[3]       ; clk_3125     ; clk_3125    ; 1.000        ; -0.036     ; 1.002      ;
; -0.049 ; data_cycles[0] ; buffer[2]        ; clk_3125     ; clk_3125    ; 1.000        ; -0.037     ; 0.999      ;
; -0.048 ; data_cycles[1] ; buffer[3]        ; clk_3125     ; clk_3125    ; 1.000        ; -0.037     ; 0.998      ;
; -0.046 ; counter[5]     ; data_cycles[2]   ; clk_3125     ; clk_3125    ; 1.000        ; -0.044     ; 0.989      ;
; -0.044 ; state.receive  ; buffer[5]        ; clk_3125     ; clk_3125    ; 1.000        ; -0.036     ; 0.995      ;
; -0.043 ; state.receive  ; buffer[7]        ; clk_3125     ; clk_3125    ; 1.000        ; -0.036     ; 0.994      ;
; -0.043 ; counter[0]     ; counter[1]       ; clk_3125     ; clk_3125    ; 1.000        ; -0.036     ; 0.994      ;
; -0.041 ; data_cycles[0] ; buffer[6]        ; clk_3125     ; clk_3125    ; 1.000        ; -0.037     ; 0.991      ;
; -0.040 ; buffer[1]      ; rx_complete~reg0 ; clk_3125     ; clk_3125    ; 1.000        ; -0.028     ; 0.999      ;
; -0.036 ; buffer[6]      ; buffer[6]        ; clk_3125     ; clk_3125    ; 1.000        ; -0.037     ; 0.986      ;
; -0.033 ; state.receive  ; buffer[2]        ; clk_3125     ; clk_3125    ; 1.000        ; -0.036     ; 0.984      ;
; -0.031 ; buffer[0]      ; rx_complete~reg0 ; clk_3125     ; clk_3125    ; 1.000        ; -0.028     ; 0.990      ;
; -0.030 ; counter[2]     ; counter[5]       ; clk_3125     ; clk_3125    ; 1.000        ; 0.153      ; 1.170      ;
; -0.030 ; counter[4]     ; data_cycles[0]   ; clk_3125     ; clk_3125    ; 1.000        ; -0.037     ; 0.980      ;
; -0.027 ; buffer[5]      ; rx_complete~reg0 ; clk_3125     ; clk_3125    ; 1.000        ; 0.153      ; 1.167      ;
+--------+----------------+------------------+--------------+-------------+--------------+------------+------------+


+-------------------------------------------------------------------------------------------------------------------+
; Fast 1200mV 0C Model Hold: 'clk_3125'                                                                             ;
+-------+------------------+------------------+--------------+-------------+--------------+------------+------------+
; Slack ; From Node        ; To Node          ; Launch Clock ; Latch Clock ; Relationship ; Clock Skew ; Data Delay ;
+-------+------------------+------------------+--------------+-------------+--------------+------------+------------+
; 0.121 ; state.idle       ; rx_complete~reg0 ; clk_3125     ; clk_3125    ; 0.000        ; 0.234      ; 0.439      ;
; 0.179 ; data_cycles[2]   ; data_cycles[2]   ; clk_3125     ; clk_3125    ; 0.000        ; 0.044      ; 0.307      ;
; 0.179 ; rx_complete~reg0 ; rx_complete~reg0 ; clk_3125     ; clk_3125    ; 0.000        ; 0.044      ; 0.307      ;
; 0.186 ; counter[1]       ; counter[1]       ; clk_3125     ; clk_3125    ; 0.000        ; 0.037      ; 0.307      ;
; 0.186 ; counter[4]       ; counter[4]       ; clk_3125     ; clk_3125    ; 0.000        ; 0.037      ; 0.307      ;
; 0.186 ; data_cycles[3]   ; data_cycles[3]   ; clk_3125     ; clk_3125    ; 0.000        ; 0.037      ; 0.307      ;
; 0.186 ; data_cycles[0]   ; data_cycles[0]   ; clk_3125     ; clk_3125    ; 0.000        ; 0.037      ; 0.307      ;
; 0.186 ; data_cycles[1]   ; data_cycles[1]   ; clk_3125     ; clk_3125    ; 0.000        ; 0.037      ; 0.307      ;
; 0.187 ; state.start      ; state.start      ; clk_3125     ; clk_3125    ; 0.000        ; 0.036      ; 0.307      ;
; 0.187 ; state.receive    ; state.receive    ; clk_3125     ; clk_3125    ; 0.000        ; 0.036      ; 0.307      ;
; 0.216 ; state.idle       ; state.start      ; clk_3125     ; clk_3125    ; 0.000        ; 0.036      ; 0.336      ;
; 0.315 ; state.receive    ; buffer[1]        ; clk_3125     ; clk_3125    ; 0.000        ; 0.218      ; 0.617      ;
; 0.315 ; state.receive    ; buffer[0]        ; clk_3125     ; clk_3125    ; 0.000        ; 0.218      ; 0.617      ;
; 0.321 ; counter[4]       ; counter[5]       ; clk_3125     ; clk_3125    ; 0.000        ; 0.234      ; 0.639      ;
; 0.333 ; state.receive    ; counter[5]       ; clk_3125     ; clk_3125    ; 0.000        ; 0.234      ; 0.651      ;
; 0.357 ; state.receive    ; counter[0]       ; clk_3125     ; clk_3125    ; 0.000        ; 0.036      ; 0.477      ;
; 0.357 ; state.receive    ; state.idle       ; clk_3125     ; clk_3125    ; 0.000        ; 0.036      ; 0.477      ;
; 0.363 ; state.start      ; buffer[1]        ; clk_3125     ; clk_3125    ; 0.000        ; 0.218      ; 0.665      ;
; 0.378 ; data_cycles[3]   ; counter[5]       ; clk_3125     ; clk_3125    ; 0.000        ; 0.234      ; 0.696      ;
; 0.383 ; buffer[3]        ; rx_msg[3]~reg0   ; clk_3125     ; clk_3125    ; 0.000        ; 0.036      ; 0.503      ;
; 0.384 ; state.start      ; counter[5]       ; clk_3125     ; clk_3125    ; 0.000        ; 0.234      ; 0.702      ;
; 0.385 ; data_cycles[0]   ; data_cycles[2]   ; clk_3125     ; clk_3125    ; 0.000        ; 0.234      ; 0.703      ;
; 0.386 ; buffer[7]        ; rx_msg[7]~reg0   ; clk_3125     ; clk_3125    ; 0.000        ; 0.036      ; 0.506      ;
; 0.387 ; state.receive    ; rx_complete~reg0 ; clk_3125     ; clk_3125    ; 0.000        ; 0.234      ; 0.705      ;
; 0.390 ; buffer[1]        ; rx_msg[1]~reg0   ; clk_3125     ; clk_3125    ; 0.000        ; -0.138     ; 0.336      ;
; 0.396 ; counter[3]       ; counter[5]       ; clk_3125     ; clk_3125    ; 0.000        ; 0.234      ; 0.714      ;
; 0.402 ; buffer[6]        ; rx_msg[6]~reg0   ; clk_3125     ; clk_3125    ; 0.000        ; 0.036      ; 0.522      ;
; 0.408 ; counter[0]       ; counter[1]       ; clk_3125     ; clk_3125    ; 0.000        ; 0.037      ; 0.529      ;
; 0.411 ; data_cycles[1]   ; data_cycles[2]   ; clk_3125     ; clk_3125    ; 0.000        ; 0.234      ; 0.729      ;
; 0.421 ; state.receive    ; data_cycles[2]   ; clk_3125     ; clk_3125    ; 0.000        ; 0.234      ; 0.739      ;
; 0.446 ; buffer[2]        ; rx_msg[2]~reg0   ; clk_3125     ; clk_3125    ; 0.000        ; 0.036      ; 0.566      ;
; 0.447 ; buffer[5]        ; rx_msg[5]~reg0   ; clk_3125     ; clk_3125    ; 0.000        ; 0.036      ; 0.567      ;
; 0.458 ; state.start      ; buffer[0]        ; clk_3125     ; clk_3125    ; 0.000        ; 0.218      ; 0.760      ;
; 0.459 ; data_cycles[3]   ; state.idle       ; clk_3125     ; clk_3125    ; 0.000        ; 0.036      ; 0.579      ;
; 0.461 ; data_cycles[3]   ; buffer[3]        ; clk_3125     ; clk_3125    ; 0.000        ; 0.037      ; 0.582      ;
; 0.462 ; state.start      ; data_cycles[2]   ; clk_3125     ; clk_3125    ; 0.000        ; 0.234      ; 0.780      ;
; 0.463 ; buffer[0]        ; buffer[0]        ; clk_3125     ; clk_3125    ; 0.000        ; 0.044      ; 0.591      ;
; 0.464 ; buffer[2]        ; buffer[2]        ; clk_3125     ; clk_3125    ; 0.000        ; 0.037      ; 0.585      ;
; 0.466 ; counter[5]       ; counter[5]       ; clk_3125     ; clk_3125    ; 0.000        ; 0.044      ; 0.594      ;
; 0.468 ; buffer[4]        ; rx_msg[4]~reg0   ; clk_3125     ; clk_3125    ; 0.000        ; 0.036      ; 0.588      ;
; 0.471 ; data_cycles[0]   ; buffer[3]        ; clk_3125     ; clk_3125    ; 0.000        ; 0.037      ; 0.592      ;
; 0.479 ; data_cycles[3]   ; data_cycles[2]   ; clk_3125     ; clk_3125    ; 0.000        ; 0.234      ; 0.797      ;
; 0.479 ; buffer[1]        ; buffer[1]        ; clk_3125     ; clk_3125    ; 0.000        ; 0.044      ; 0.607      ;
; 0.490 ; state.receive    ; buffer[7]        ; clk_3125     ; clk_3125    ; 0.000        ; 0.037      ; 0.611      ;
; 0.492 ; state.receive    ; buffer[4]        ; clk_3125     ; clk_3125    ; 0.000        ; 0.037      ; 0.613      ;
; 0.497 ; counter[1]       ; counter[5]       ; clk_3125     ; clk_3125    ; 0.000        ; 0.234      ; 0.815      ;
; 0.504 ; counter[2]       ; counter[5]       ; clk_3125     ; clk_3125    ; 0.000        ; 0.234      ; 0.822      ;
; 0.510 ; rx_msg[4]~reg0   ; rx_complete~reg0 ; clk_3125     ; clk_3125    ; 0.000        ; 0.234      ; 0.828      ;
; 0.510 ; state.receive    ; buffer[3]        ; clk_3125     ; clk_3125    ; 0.000        ; 0.037      ; 0.631      ;
; 0.513 ; counter[0]       ; counter[0]       ; clk_3125     ; clk_3125    ; 0.000        ; 0.036      ; 0.633      ;
; 0.516 ; state.start      ; counter[0]       ; clk_3125     ; clk_3125    ; 0.000        ; 0.036      ; 0.636      ;
; 0.519 ; buffer[3]        ; buffer[3]        ; clk_3125     ; clk_3125    ; 0.000        ; 0.037      ; 0.640      ;
; 0.520 ; state.start      ; data_cycles[0]   ; clk_3125     ; clk_3125    ; 0.000        ; 0.037      ; 0.641      ;
; 0.521 ; data_cycles[0]   ; data_cycles[1]   ; clk_3125     ; clk_3125    ; 0.000        ; 0.037      ; 0.642      ;
; 0.526 ; buffer[5]        ; buffer[5]        ; clk_3125     ; clk_3125    ; 0.000        ; 0.037      ; 0.647      ;
; 0.529 ; buffer[7]        ; buffer[7]        ; clk_3125     ; clk_3125    ; 0.000        ; 0.037      ; 0.650      ;
; 0.530 ; state.receive    ; counter[3]       ; clk_3125     ; clk_3125    ; 0.000        ; 0.037      ; 0.651      ;
; 0.530 ; rx_msg[2]~reg0   ; rx_complete~reg0 ; clk_3125     ; clk_3125    ; 0.000        ; 0.234      ; 0.848      ;
; 0.531 ; state.receive    ; counter[2]       ; clk_3125     ; clk_3125    ; 0.000        ; 0.037      ; 0.652      ;
; 0.531 ; data_cycles[3]   ; state.receive    ; clk_3125     ; clk_3125    ; 0.000        ; 0.036      ; 0.651      ;
; 0.532 ; buffer[0]        ; rx_msg[0]~reg0   ; clk_3125     ; clk_3125    ; 0.000        ; -0.138     ; 0.478      ;
; 0.532 ; state.start      ; data_cycles[3]   ; clk_3125     ; clk_3125    ; 0.000        ; 0.037      ; 0.653      ;
; 0.532 ; state.receive    ; data_cycles[0]   ; clk_3125     ; clk_3125    ; 0.000        ; 0.037      ; 0.653      ;
; 0.535 ; buffer[3]        ; rx_parity~reg0   ; clk_3125     ; clk_3125    ; 0.000        ; 0.036      ; 0.655      ;
; 0.535 ; state.start      ; state.receive    ; clk_3125     ; clk_3125    ; 0.000        ; 0.036      ; 0.655      ;
; 0.536 ; state.receive    ; buffer[6]        ; clk_3125     ; clk_3125    ; 0.000        ; 0.037      ; 0.657      ;
; 0.536 ; data_cycles[0]   ; buffer[6]        ; clk_3125     ; clk_3125    ; 0.000        ; 0.037      ; 0.657      ;
; 0.543 ; state.receive    ; counter[1]       ; clk_3125     ; clk_3125    ; 0.000        ; 0.037      ; 0.664      ;
; 0.545 ; data_cycles[1]   ; buffer[3]        ; clk_3125     ; clk_3125    ; 0.000        ; 0.037      ; 0.666      ;
; 0.546 ; state.receive    ; counter[4]       ; clk_3125     ; clk_3125    ; 0.000        ; 0.037      ; 0.667      ;
; 0.552 ; state.receive    ; data_cycles[3]   ; clk_3125     ; clk_3125    ; 0.000        ; 0.037      ; 0.673      ;
; 0.553 ; state.receive    ; buffer[2]        ; clk_3125     ; clk_3125    ; 0.000        ; 0.037      ; 0.674      ;
; 0.554 ; state.receive    ; buffer[5]        ; clk_3125     ; clk_3125    ; 0.000        ; 0.037      ; 0.675      ;
; 0.563 ; state.start      ; buffer[5]        ; clk_3125     ; clk_3125    ; 0.000        ; 0.037      ; 0.684      ;
; 0.564 ; state.start      ; buffer[2]        ; clk_3125     ; clk_3125    ; 0.000        ; 0.037      ; 0.685      ;
; 0.564 ; state.start      ; buffer[7]        ; clk_3125     ; clk_3125    ; 0.000        ; 0.037      ; 0.685      ;
; 0.565 ; data_cycles[0]   ; buffer[0]        ; clk_3125     ; clk_3125    ; 0.000        ; 0.218      ; 0.867      ;
; 0.565 ; data_cycles[3]   ; counter[1]       ; clk_3125     ; clk_3125    ; 0.000        ; 0.037      ; 0.686      ;
; 0.569 ; counter[3]       ; counter[4]       ; clk_3125     ; clk_3125    ; 0.000        ; 0.037      ; 0.690      ;
; 0.570 ; buffer[3]        ; rx_complete~reg0 ; clk_3125     ; clk_3125    ; 0.000        ; 0.234      ; 0.888      ;
; 0.570 ; data_cycles[3]   ; counter[4]       ; clk_3125     ; clk_3125    ; 0.000        ; 0.037      ; 0.691      ;
; 0.575 ; data_cycles[3]   ; counter[3]       ; clk_3125     ; clk_3125    ; 0.000        ; 0.037      ; 0.696      ;
; 0.576 ; data_cycles[3]   ; counter[2]       ; clk_3125     ; clk_3125    ; 0.000        ; 0.037      ; 0.697      ;
; 0.578 ; counter[2]       ; counter[3]       ; clk_3125     ; clk_3125    ; 0.000        ; 0.037      ; 0.699      ;
; 0.581 ; state.start      ; counter[3]       ; clk_3125     ; clk_3125    ; 0.000        ; 0.037      ; 0.702      ;
; 0.581 ; state.start      ; counter[2]       ; clk_3125     ; clk_3125    ; 0.000        ; 0.037      ; 0.702      ;
; 0.583 ; counter[0]       ; counter[2]       ; clk_3125     ; clk_3125    ; 0.000        ; 0.037      ; 0.704      ;
; 0.590 ; rx_msg[6]~reg0   ; rx_complete~reg0 ; clk_3125     ; clk_3125    ; 0.000        ; 0.234      ; 0.908      ;
; 0.590 ; rx_msg[1]~reg0   ; rx_complete~reg0 ; clk_3125     ; clk_3125    ; 0.000        ; 0.234      ; 0.908      ;
; 0.596 ; buffer[4]        ; buffer[4]        ; clk_3125     ; clk_3125    ; 0.000        ; 0.037      ; 0.717      ;
; 0.600 ; state.start      ; counter[4]       ; clk_3125     ; clk_3125    ; 0.000        ; 0.037      ; 0.721      ;
; 0.601 ; state.start      ; counter[1]       ; clk_3125     ; clk_3125    ; 0.000        ; 0.037      ; 0.722      ;
; 0.601 ; data_cycles[1]   ; buffer[0]        ; clk_3125     ; clk_3125    ; 0.000        ; 0.218      ; 0.903      ;
; 0.606 ; data_cycles[3]   ; rx_complete~reg0 ; clk_3125     ; clk_3125    ; 0.000        ; 0.234      ; 0.924      ;
; 0.607 ; data_cycles[1]   ; buffer[6]        ; clk_3125     ; clk_3125    ; 0.000        ; 0.037      ; 0.728      ;
; 0.611 ; counter[5]       ; state.start      ; clk_3125     ; clk_3125    ; 0.000        ; -0.154     ; 0.541      ;
; 0.617 ; counter[3]       ; state.start      ; clk_3125     ; clk_3125    ; 0.000        ; 0.036      ; 0.737      ;
; 0.618 ; counter[0]       ; counter[5]       ; clk_3125     ; clk_3125    ; 0.000        ; 0.234      ; 0.936      ;
; 0.619 ; data_cycles[3]   ; buffer[6]        ; clk_3125     ; clk_3125    ; 0.000        ; 0.037      ; 0.740      ;
; 0.620 ; data_cycles[0]   ; buffer[2]        ; clk_3125     ; clk_3125    ; 0.000        ; 0.037      ; 0.741      ;
+-------+------------------+------------------+--------------+-------------+--------------+------------+------------+


----------------------------------------------
; Fast 1200mV 0C Model Metastability Summary ;
----------------------------------------------
No synchronizer chains to report.


+-------------------------------------------------------------------------------+
; Multicorner Timing Analysis Summary                                           ;
+------------------+---------+-------+----------+---------+---------------------+
; Clock            ; Setup   ; Hold  ; Recovery ; Removal ; Minimum Pulse Width ;
+------------------+---------+-------+----------+---------+---------------------+
; Worst-case Slack ; -1.335  ; 0.121 ; N/A      ; N/A     ; -3.000              ;
;  clk_3125        ; -1.335  ; 0.121 ; N/A      ; N/A     ; -3.000              ;
; Design-wide TNS  ; -29.332 ; 0.0   ; 0.0      ; 0.0     ; -35.843             ;
;  clk_3125        ; -29.332 ; 0.000 ; N/A      ; N/A     ; -35.843             ;
+------------------+---------+-------+----------+---------+---------------------+


+------------------------------------------------------------------------------------------------------------------------------------------------------------------------------------------------------------------------------------------------------------------------------------------------------------------------------------------------------------------------------------------------------------------+
; Board Trace Model Assignments                                                                                                                                                                                                                                                                                                                                                                                    ;
+---------------+--------------+-------------------+-------------------------+-------------------------+---------------+---------------------+----------------+------------------+--------+------------------+------------------------+------------------------+--------------+---------------+-----------------+-------+---------------------+--------------------+---------------+-----------------+-------------+
; Pin           ; I/O Standard ; Near Tline Length ; Near Tline L per Length ; Near Tline C per Length ; Near Series R ; Near Differential R ; Near Pull-up R ; Near Pull-down R ; Near C ; Far Tline Length ; Far Tline L per Length ; Far Tline C per Length ; Far Series R ; Far Pull-up R ; Far Pull-down R ; Far C ; Termination Voltage ; Far Differential R ; EBD File Name ; EBD Signal Name ; EBD Far-end ;
+---------------+--------------+-------------------+-------------------------+-------------------------+---------------+---------------------+----------------+------------------+--------+------------------+------------------------+------------------------+--------------+---------------+-----------------+-------+---------------------+--------------------+---------------+-----------------+-------------+
; rx_msg[0]     ; 2.5 V        ; 0 in              ; 0 H/in                  ; 0 F/in                  ; short         ; -                   ; open           ; open             ; open   ; 0 in             ; 0 H/in                 ; 0 F/in                 ; short        ; open          ; open            ; open  ; 0 V                 ; -                  ; n/a           ; n/a             ; n/a         ;
; rx_msg[1]     ; 2.5 V        ; 0 in              ; 0 H/in                  ; 0 F/in                  ; short         ; -                   ; open           ; open             ; open   ; 0 in             ; 0 H/in                 ; 0 F/in                 ; short        ; open          ; open            ; open  ; 0 V                 ; -                  ; n/a           ; n/a             ; n/a         ;
; rx_msg[2]     ; 2.5 V        ; 0 in              ; 0 H/in                  ; 0 F/in                  ; short         ; -                   ; open           ; open             ; open   ; 0 in             ; 0 H/in                 ; 0 F/in                 ; short        ; open          ; open            ; open  ; 0 V                 ; -                  ; n/a           ; n/a             ; n/a         ;
; rx_msg[3]     ; 2.5 V        ; 0 in              ; 0 H/in                  ; 0 F/in                  ; short         ; -                   ; open           ; open             ; open   ; 0 in             ; 0 H/in                 ; 0 F/in                 ; short        ; open          ; open            ; open  ; 0 V                 ; -                  ; n/a           ; n/a             ; n/a         ;
; rx_msg[4]     ; 2.5 V        ; 0 in              ; 0 H/in                  ; 0 F/in                  ; short         ; -                   ; open           ; open             ; open   ; 0 in             ; 0 H/in                 ; 0 F/in                 ; short        ; open          ; open            ; open  ; 0 V                 ; -                  ; n/a           ; n/a             ; n/a         ;
; rx_msg[5]     ; 2.5 V        ; 0 in              ; 0 H/in                  ; 0 F/in                  ; short         ; -                   ; open           ; open             ; open   ; 0 in             ; 0 H/in                 ; 0 F/in                 ; short        ; open          ; open            ; open  ; 0 V                 ; -                  ; n/a           ; n/a             ; n/a         ;
; rx_msg[6]     ; 2.5 V        ; 0 in              ; 0 H/in                  ; 0 F/in                  ; short         ; -                   ; open           ; open             ; open   ; 0 in             ; 0 H/in                 ; 0 F/in                 ; short        ; open          ; open            ; open  ; 0 V                 ; -                  ; n/a           ; n/a             ; n/a         ;
; rx_msg[7]     ; 2.5 V        ; 0 in              ; 0 H/in                  ; 0 F/in                  ; short         ; -                   ; open           ; open             ; open   ; 0 in             ; 0 H/in                 ; 0 F/in                 ; short        ; open          ; open            ; open  ; 0 V                 ; -                  ; n/a           ; n/a             ; n/a         ;
; rx_parity     ; 2.5 V        ; 0 in              ; 0 H/in                  ; 0 F/in                  ; short         ; -                   ; open           ; open             ; open   ; 0 in             ; 0 H/in                 ; 0 F/in                 ; short        ; open          ; open            ; open  ; 0 V                 ; -                  ; n/a           ; n/a             ; n/a         ;
; rx_complete   ; 2.5 V        ; 0 in              ; 0 H/in                  ; 0 F/in                  ; short         ; -                   ; open           ; open             ; open   ; 0 in             ; 0 H/in                 ; 0 F/in                 ; short        ; open          ; open            ; open  ; 0 V                 ; -                  ; n/a           ; n/a             ; n/a         ;
; ~ALTERA_DCLK~ ; 2.5 V        ; 0 in              ; 0 H/in                  ; 0 F/in                  ; short         ; -                   ; open           ; open             ; open   ; 0 in             ; 0 H/in                 ; 0 F/in                 ; short        ; open          ; open            ; open  ; 0 V                 ; -                  ; n/a           ; n/a             ; n/a         ;
; ~ALTERA_nCEO~ ; 2.5 V        ; 0 in              ; 0 H/in                  ; 0 F/in                  ; short         ; -                   ; open           ; open             ; open   ; 0 in             ; 0 H/in                 ; 0 F/in                 ; short        ; open          ; open            ; open  ; 0 V                 ; -                  ; n/a           ; n/a             ; n/a         ;
+---------------+--------------+-------------------+-------------------------+-------------------------+---------------+---------------------+----------------+------------------+--------+------------------+------------------------+------------------------+--------------+---------------+-----------------+-------+---------------------+--------------------+---------------+-----------------+-------------+


+----------------------------------------------------------------------------+
; Input Transition Times                                                     ;
+-------------------------+--------------+-----------------+-----------------+
; Pin                     ; I/O Standard ; 10-90 Rise Time ; 90-10 Fall Time ;
+-------------------------+--------------+-----------------+-----------------+
; clk_3125                ; 2.5 V        ; 2000 ps         ; 2000 ps         ;
; rx                      ; 2.5 V        ; 2000 ps         ; 2000 ps         ;
; ~ALTERA_ASDO_DATA1~     ; 2.5 V        ; 2000 ps         ; 2000 ps         ;
; ~ALTERA_FLASH_nCE_nCSO~ ; 2.5 V        ; 2000 ps         ; 2000 ps         ;
; ~ALTERA_DATA0~          ; 2.5 V        ; 2000 ps         ; 2000 ps         ;
+-------------------------+--------------+-----------------+-----------------+


+--------------------------------------------------------------------------------------------------------------------------------------------------------------------------------------------------------------------------------------------------------------------------------------------------------------------------------------------------------------------------------------------------------------------------------------------------------------------------------------------------------------------------------------------------------------------------------------------------------------------------------------------------------------------------------------------+
; Signal Integrity Metrics (Slow 1200mv 0c Model)                                                                                                                                                                                                                                                                                                                                                                                                                                                                                                                                                                                                                                            ;
+---------------+--------------+---------------------+---------------------+------------------------------+------------------------------+---------------------+---------------------+--------------------------------------+--------------------------------------+-----------------------------+-----------------------------+----------------------------+----------------------------+-----------------------------+-----------------------------+--------------------+--------------------+-------------------------------------+-------------------------------------+----------------------------+----------------------------+---------------------------+---------------------------+
; Pin           ; I/O Standard ; Board Delay on Rise ; Board Delay on Fall ; Steady State Voh at FPGA Pin ; Steady State Vol at FPGA Pin ; Voh Max at FPGA Pin ; Vol Min at FPGA Pin ; Ringback Voltage on Rise at FPGA Pin ; Ringback Voltage on Fall at FPGA Pin ; 10-90 Rise Time at FPGA Pin ; 90-10 Fall Time at FPGA Pin ; Monotonic Rise at FPGA Pin ; Monotonic Fall at FPGA Pin ; Steady State Voh at Far-end ; Steady State Vol at Far-end ; Voh Max at Far-end ; Vol Min at Far-end ; Ringback Voltage on Rise at Far-end ; Ringback Voltage on Fall at Far-end ; 10-90 Rise Time at Far-end ; 90-10 Fall Time at Far-end ; Monotonic Rise at Far-end ; Monotonic Fall at Far-end ;
+---------------+--------------+---------------------+---------------------+------------------------------+------------------------------+---------------------+---------------------+--------------------------------------+--------------------------------------+-----------------------------+-----------------------------+----------------------------+----------------------------+-----------------------------+-----------------------------+--------------------+--------------------+-------------------------------------+-------------------------------------+----------------------------+----------------------------+---------------------------+---------------------------+
; rx_msg[0]     ; 2.5 V        ; 0 s                 ; 0 s                 ; 2.32 V                       ; 5.95e-09 V                   ; 2.38 V              ; -0.016 V            ; 0.22 V                               ; 0.025 V                              ; 3.06e-10 s                  ; 3.3e-10 s                   ; Yes                        ; Yes                        ; 2.32 V                      ; 5.95e-09 V                  ; 2.38 V             ; -0.016 V           ; 0.22 V                              ; 0.025 V                             ; 3.06e-10 s                 ; 3.3e-10 s                  ; Yes                       ; Yes                       ;
; rx_msg[1]     ; 2.5 V        ; 0 s                 ; 0 s                 ; 2.32 V                       ; 5.95e-09 V                   ; 2.38 V              ; -0.016 V            ; 0.22 V                               ; 0.025 V                              ; 3.06e-10 s                  ; 3.3e-10 s                   ; Yes                        ; Yes                        ; 2.32 V                      ; 5.95e-09 V                  ; 2.38 V             ; -0.016 V           ; 0.22 V                              ; 0.025 V                             ; 3.06e-10 s                 ; 3.3e-10 s                  ; Yes                       ; Yes                       ;
; rx_msg[2]     ; 2.5 V        ; 0 s                 ; 0 s                 ; 2.32 V                       ; 5.95e-09 V                   ; 2.38 V              ; -0.016 V            ; 0.22 V                               ; 0.025 V                              ; 3.06e-10 s                  ; 3.3e-10 s                   ; Yes                        ; Yes                        ; 2.32 V                      ; 5.95e-09 V                  ; 2.38 V             ; -0.016 V           ; 0.22 V                              ; 0.025 V                             ; 3.06e-10 s                 ; 3.3e-10 s                  ; Yes                       ; Yes                       ;
; rx_msg[3]     ; 2.5 V        ; 0 s                 ; 0 s                 ; 2.32 V                       ; 5.95e-09 V                   ; 2.38 V              ; -0.016 V            ; 0.22 V                               ; 0.025 V                              ; 3.06e-10 s                  ; 3.3e-10 s                   ; Yes                        ; Yes                        ; 2.32 V                      ; 5.95e-09 V                  ; 2.38 V             ; -0.016 V           ; 0.22 V                              ; 0.025 V                             ; 3.06e-10 s                 ; 3.3e-10 s                  ; Yes                       ; Yes                       ;
; rx_msg[4]     ; 2.5 V        ; 0 s                 ; 0 s                 ; 2.32 V                       ; 5.95e-09 V                   ; 2.38 V              ; -0.016 V            ; 0.22 V                               ; 0.025 V                              ; 3.06e-10 s                  ; 3.3e-10 s                   ; Yes                        ; Yes                        ; 2.32 V                      ; 5.95e-09 V                  ; 2.38 V             ; -0.016 V           ; 0.22 V                              ; 0.025 V                             ; 3.06e-10 s                 ; 3.3e-10 s                  ; Yes                       ; Yes                       ;
; rx_msg[5]     ; 2.5 V        ; 0 s                 ; 0 s                 ; 2.32 V                       ; 5.95e-09 V                   ; 2.33 V              ; -0.00616 V          ; 0.191 V                              ; 0.099 V                              ; 2.83e-09 s                  ; 2.56e-09 s                  ; No                         ; Yes                        ; 2.32 V                      ; 5.95e-09 V                  ; 2.33 V             ; -0.00616 V         ; 0.191 V                             ; 0.099 V                             ; 2.83e-09 s                 ; 2.56e-09 s                 ; No                        ; Yes                       ;
; rx_msg[6]     ; 2.5 V        ; 0 s                 ; 0 s                 ; 2.32 V                       ; 5.95e-09 V                   ; 2.38 V              ; -0.016 V            ; 0.22 V                               ; 0.025 V                              ; 3.06e-10 s                  ; 3.3e-10 s                   ; Yes                        ; Yes                        ; 2.32 V                      ; 5.95e-09 V                  ; 2.38 V             ; -0.016 V           ; 0.22 V                              ; 0.025 V                             ; 3.06e-10 s                 ; 3.3e-10 s                  ; Yes                       ; Yes                       ;
; rx_msg[7]     ; 2.5 V        ; 0 s                 ; 0 s                 ; 2.32 V                       ; 5.95e-09 V                   ; 2.38 V              ; -0.016 V            ; 0.22 V                               ; 0.025 V                              ; 3.06e-10 s                  ; 3.3e-10 s                   ; Yes                        ; Yes                        ; 2.32 V                      ; 5.95e-09 V                  ; 2.38 V             ; -0.016 V           ; 0.22 V                              ; 0.025 V                             ; 3.06e-10 s                 ; 3.3e-10 s                  ; Yes                       ; Yes                       ;
; rx_parity     ; 2.5 V        ; 0 s                 ; 0 s                 ; 2.32 V                       ; 5.95e-09 V                   ; 2.38 V              ; -0.016 V            ; 0.22 V                               ; 0.025 V                              ; 3.06e-10 s                  ; 3.3e-10 s                   ; Yes                        ; Yes                        ; 2.32 V                      ; 5.95e-09 V                  ; 2.38 V             ; -0.016 V           ; 0.22 V                              ; 0.025 V                             ; 3.06e-10 s                 ; 3.3e-10 s                  ; Yes                       ; Yes                       ;
; rx_complete   ; 2.5 V        ; 0 s                 ; 0 s                 ; 2.32 V                       ; 5.95e-09 V                   ; 2.38 V              ; -0.016 V            ; 0.22 V                               ; 0.025 V                              ; 3.06e-10 s                  ; 3.3e-10 s                   ; Yes                        ; Yes                        ; 2.32 V                      ; 5.95e-09 V                  ; 2.38 V             ; -0.016 V           ; 0.22 V                              ; 0.025 V                             ; 3.06e-10 s                 ; 3.3e-10 s                  ; Yes                       ; Yes                       ;
; ~ALTERA_DCLK~ ; 2.5 V        ; 0 s                 ; 0 s                 ; 2.32 V                       ; 3.45e-09 V                   ; 2.38 V              ; -0.0609 V           ; 0.148 V                              ; 0.095 V                              ; 2.82e-10 s                  ; 2.59e-10 s                  ; Yes                        ; Yes                        ; 2.32 V                      ; 3.45e-09 V                  ; 2.38 V             ; -0.0609 V          ; 0.148 V                             ; 0.095 V                             ; 2.82e-10 s                 ; 2.59e-10 s                 ; Yes                       ; Yes                       ;
; ~ALTERA_nCEO~ ; 2.5 V        ; 0 s                 ; 0 s                 ; 2.32 V                       ; 5.61e-09 V                   ; 2.38 V              ; -0.00274 V          ; 0.141 V                              ; 0.006 V                              ; 4.7e-10 s                   ; 6.02e-10 s                  ; Yes                        ; Yes                        ; 2.32 V                      ; 5.61e-09 V                  ; 2.38 V             ; -0.00274 V         ; 0.141 V                             ; 0.006 V                             ; 4.7e-10 s                  ; 6.02e-10 s                 ; Yes                       ; Yes                       ;
+---------------+--------------+---------------------+---------------------+------------------------------+------------------------------+---------------------+---------------------+--------------------------------------+--------------------------------------+-----------------------------+-----------------------------+----------------------------+----------------------------+-----------------------------+-----------------------------+--------------------+--------------------+-------------------------------------+-------------------------------------+----------------------------+----------------------------+---------------------------+---------------------------+


+--------------------------------------------------------------------------------------------------------------------------------------------------------------------------------------------------------------------------------------------------------------------------------------------------------------------------------------------------------------------------------------------------------------------------------------------------------------------------------------------------------------------------------------------------------------------------------------------------------------------------------------------------------------------------------------------+
; Signal Integrity Metrics (Slow 1200mv 85c Model)                                                                                                                                                                                                                                                                                                                                                                                                                                                                                                                                                                                                                                           ;
+---------------+--------------+---------------------+---------------------+------------------------------+------------------------------+---------------------+---------------------+--------------------------------------+--------------------------------------+-----------------------------+-----------------------------+----------------------------+----------------------------+-----------------------------+-----------------------------+--------------------+--------------------+-------------------------------------+-------------------------------------+----------------------------+----------------------------+---------------------------+---------------------------+
; Pin           ; I/O Standard ; Board Delay on Rise ; Board Delay on Fall ; Steady State Voh at FPGA Pin ; Steady State Vol at FPGA Pin ; Voh Max at FPGA Pin ; Vol Min at FPGA Pin ; Ringback Voltage on Rise at FPGA Pin ; Ringback Voltage on Fall at FPGA Pin ; 10-90 Rise Time at FPGA Pin ; 90-10 Fall Time at FPGA Pin ; Monotonic Rise at FPGA Pin ; Monotonic Fall at FPGA Pin ; Steady State Voh at Far-end ; Steady State Vol at Far-end ; Voh Max at Far-end ; Vol Min at Far-end ; Ringback Voltage on Rise at Far-end ; Ringback Voltage on Fall at Far-end ; 10-90 Rise Time at Far-end ; 90-10 Fall Time at Far-end ; Monotonic Rise at Far-end ; Monotonic Fall at Far-end ;
+---------------+--------------+---------------------+---------------------+------------------------------+------------------------------+---------------------+---------------------+--------------------------------------+--------------------------------------+-----------------------------+-----------------------------+----------------------------+----------------------------+-----------------------------+-----------------------------+--------------------+--------------------+-------------------------------------+-------------------------------------+----------------------------+----------------------------+---------------------------+---------------------------+
; rx_msg[0]     ; 2.5 V        ; 0 s                 ; 0 s                 ; 2.32 V                       ; 1.06e-06 V                   ; 2.36 V              ; -0.00724 V          ; 0.107 V                              ; 0.02 V                               ; 4.5e-10 s                   ; 4.25e-10 s                  ; Yes                        ; Yes                        ; 2.32 V                      ; 1.06e-06 V                  ; 2.36 V             ; -0.00724 V         ; 0.107 V                             ; 0.02 V                              ; 4.5e-10 s                  ; 4.25e-10 s                 ; Yes                       ; Yes                       ;
; rx_msg[1]     ; 2.5 V        ; 0 s                 ; 0 s                 ; 2.32 V                       ; 1.06e-06 V                   ; 2.36 V              ; -0.00724 V          ; 0.107 V                              ; 0.02 V                               ; 4.5e-10 s                   ; 4.25e-10 s                  ; Yes                        ; Yes                        ; 2.32 V                      ; 1.06e-06 V                  ; 2.36 V             ; -0.00724 V         ; 0.107 V                             ; 0.02 V                              ; 4.5e-10 s                  ; 4.25e-10 s                 ; Yes                       ; Yes                       ;
; rx_msg[2]     ; 2.5 V        ; 0 s                 ; 0 s                 ; 2.32 V                       ; 1.06e-06 V                   ; 2.36 V              ; -0.00724 V          ; 0.107 V                              ; 0.02 V                               ; 4.5e-10 s                   ; 4.25e-10 s                  ; Yes                        ; Yes                        ; 2.32 V                      ; 1.06e-06 V                  ; 2.36 V             ; -0.00724 V         ; 0.107 V                             ; 0.02 V                              ; 4.5e-10 s                  ; 4.25e-10 s                 ; Yes                       ; Yes                       ;
; rx_msg[3]     ; 2.5 V        ; 0 s                 ; 0 s                 ; 2.32 V                       ; 1.06e-06 V                   ; 2.36 V              ; -0.00724 V          ; 0.107 V                              ; 0.02 V                               ; 4.5e-10 s                   ; 4.25e-10 s                  ; Yes                        ; Yes                        ; 2.32 V                      ; 1.06e-06 V                  ; 2.36 V             ; -0.00724 V         ; 0.107 V                             ; 0.02 V                              ; 4.5e-10 s                  ; 4.25e-10 s                 ; Yes                       ; Yes                       ;
; rx_msg[4]     ; 2.5 V        ; 0 s                 ; 0 s                 ; 2.32 V                       ; 1.06e-06 V                   ; 2.36 V              ; -0.00724 V          ; 0.107 V                              ; 0.02 V                               ; 4.5e-10 s                   ; 4.25e-10 s                  ; Yes                        ; Yes                        ; 2.32 V                      ; 1.06e-06 V                  ; 2.36 V             ; -0.00724 V         ; 0.107 V                             ; 0.02 V                              ; 4.5e-10 s                  ; 4.25e-10 s                 ; Yes                       ; Yes                       ;
; rx_msg[5]     ; 2.5 V        ; 0 s                 ; 0 s                 ; 2.32 V                       ; 1.06e-06 V                   ; 2.33 V              ; -0.00344 V          ; 0.134 V                              ; 0.075 V                              ; 3.33e-09 s                  ; 3.16e-09 s                  ; Yes                        ; Yes                        ; 2.32 V                      ; 1.06e-06 V                  ; 2.33 V             ; -0.00344 V         ; 0.134 V                             ; 0.075 V                             ; 3.33e-09 s                 ; 3.16e-09 s                 ; Yes                       ; Yes                       ;
; rx_msg[6]     ; 2.5 V        ; 0 s                 ; 0 s                 ; 2.32 V                       ; 1.06e-06 V                   ; 2.36 V              ; -0.00724 V          ; 0.107 V                              ; 0.02 V                               ; 4.5e-10 s                   ; 4.25e-10 s                  ; Yes                        ; Yes                        ; 2.32 V                      ; 1.06e-06 V                  ; 2.36 V             ; -0.00724 V         ; 0.107 V                             ; 0.02 V                              ; 4.5e-10 s                  ; 4.25e-10 s                 ; Yes                       ; Yes                       ;
; rx_msg[7]     ; 2.5 V        ; 0 s                 ; 0 s                 ; 2.32 V                       ; 1.06e-06 V                   ; 2.36 V              ; -0.00724 V          ; 0.107 V                              ; 0.02 V                               ; 4.5e-10 s                   ; 4.25e-10 s                  ; Yes                        ; Yes                        ; 2.32 V                      ; 1.06e-06 V                  ; 2.36 V             ; -0.00724 V         ; 0.107 V                             ; 0.02 V                              ; 4.5e-10 s                  ; 4.25e-10 s                 ; Yes                       ; Yes                       ;
; rx_parity     ; 2.5 V        ; 0 s                 ; 0 s                 ; 2.32 V                       ; 1.06e-06 V                   ; 2.36 V              ; -0.00724 V          ; 0.107 V                              ; 0.02 V                               ; 4.5e-10 s                   ; 4.25e-10 s                  ; Yes                        ; Yes                        ; 2.32 V                      ; 1.06e-06 V                  ; 2.36 V             ; -0.00724 V         ; 0.107 V                             ; 0.02 V                              ; 4.5e-10 s                  ; 4.25e-10 s                 ; Yes                       ; Yes                       ;
; rx_complete   ; 2.5 V        ; 0 s                 ; 0 s                 ; 2.32 V                       ; 1.06e-06 V                   ; 2.36 V              ; -0.00724 V          ; 0.107 V                              ; 0.02 V                               ; 4.5e-10 s                   ; 4.25e-10 s                  ; Yes                        ; Yes                        ; 2.32 V                      ; 1.06e-06 V                  ; 2.36 V             ; -0.00724 V         ; 0.107 V                             ; 0.02 V                              ; 4.5e-10 s                  ; 4.25e-10 s                 ; Yes                       ; Yes                       ;
; ~ALTERA_DCLK~ ; 2.5 V        ; 0 s                 ; 0 s                 ; 2.32 V                       ; 5.74e-07 V                   ; 2.36 V              ; -0.0201 V           ; 0.072 V                              ; 0.033 V                              ; 4.04e-10 s                  ; 3.29e-10 s                  ; Yes                        ; Yes                        ; 2.32 V                      ; 5.74e-07 V                  ; 2.36 V             ; -0.0201 V          ; 0.072 V                             ; 0.033 V                             ; 4.04e-10 s                 ; 3.29e-10 s                 ; Yes                       ; Yes                       ;
; ~ALTERA_nCEO~ ; 2.5 V        ; 0 s                 ; 0 s                 ; 2.32 V                       ; 9.45e-07 V                   ; 2.35 V              ; -0.00643 V          ; 0.081 V                              ; 0.031 V                              ; 5.31e-10 s                  ; 7.59e-10 s                  ; Yes                        ; Yes                        ; 2.32 V                      ; 9.45e-07 V                  ; 2.35 V             ; -0.00643 V         ; 0.081 V                             ; 0.031 V                             ; 5.31e-10 s                 ; 7.59e-10 s                 ; Yes                       ; Yes                       ;
+---------------+--------------+---------------------+---------------------+------------------------------+------------------------------+---------------------+---------------------+--------------------------------------+--------------------------------------+-----------------------------+-----------------------------+----------------------------+----------------------------+-----------------------------+-----------------------------+--------------------+--------------------+-------------------------------------+-------------------------------------+----------------------------+----------------------------+---------------------------+---------------------------+


+--------------------------------------------------------------------------------------------------------------------------------------------------------------------------------------------------------------------------------------------------------------------------------------------------------------------------------------------------------------------------------------------------------------------------------------------------------------------------------------------------------------------------------------------------------------------------------------------------------------------------------------------------------------------------------------------+
; Signal Integrity Metrics (Fast 1200mv 0c Model)                                                                                                                                                                                                                                                                                                                                                                                                                                                                                                                                                                                                                                            ;
+---------------+--------------+---------------------+---------------------+------------------------------+------------------------------+---------------------+---------------------+--------------------------------------+--------------------------------------+-----------------------------+-----------------------------+----------------------------+----------------------------+-----------------------------+-----------------------------+--------------------+--------------------+-------------------------------------+-------------------------------------+----------------------------+----------------------------+---------------------------+---------------------------+
; Pin           ; I/O Standard ; Board Delay on Rise ; Board Delay on Fall ; Steady State Voh at FPGA Pin ; Steady State Vol at FPGA Pin ; Voh Max at FPGA Pin ; Vol Min at FPGA Pin ; Ringback Voltage on Rise at FPGA Pin ; Ringback Voltage on Fall at FPGA Pin ; 10-90 Rise Time at FPGA Pin ; 90-10 Fall Time at FPGA Pin ; Monotonic Rise at FPGA Pin ; Monotonic Fall at FPGA Pin ; Steady State Voh at Far-end ; Steady State Vol at Far-end ; Voh Max at Far-end ; Vol Min at Far-end ; Ringback Voltage on Rise at Far-end ; Ringback Voltage on Fall at Far-end ; 10-90 Rise Time at Far-end ; 90-10 Fall Time at Far-end ; Monotonic Rise at Far-end ; Monotonic Fall at Far-end ;
+---------------+--------------+---------------------+---------------------+------------------------------+------------------------------+---------------------+---------------------+--------------------------------------+--------------------------------------+-----------------------------+-----------------------------+----------------------------+----------------------------+-----------------------------+-----------------------------+--------------------+--------------------+-------------------------------------+-------------------------------------+----------------------------+----------------------------+---------------------------+---------------------------+
; rx_msg[0]     ; 2.5 V        ; 0 s                 ; 0 s                 ; 2.62 V                       ; 4.05e-08 V                   ; 2.72 V              ; -0.0349 V           ; 0.173 V                              ; 0.1 V                                ; 2.72e-10 s                  ; 2.69e-10 s                  ; Yes                        ; Yes                        ; 2.62 V                      ; 4.05e-08 V                  ; 2.72 V             ; -0.0349 V          ; 0.173 V                             ; 0.1 V                               ; 2.72e-10 s                 ; 2.69e-10 s                 ; Yes                       ; Yes                       ;
; rx_msg[1]     ; 2.5 V        ; 0 s                 ; 0 s                 ; 2.62 V                       ; 4.05e-08 V                   ; 2.72 V              ; -0.0349 V           ; 0.173 V                              ; 0.1 V                                ; 2.72e-10 s                  ; 2.69e-10 s                  ; Yes                        ; Yes                        ; 2.62 V                      ; 4.05e-08 V                  ; 2.72 V             ; -0.0349 V          ; 0.173 V                             ; 0.1 V                               ; 2.72e-10 s                 ; 2.69e-10 s                 ; Yes                       ; Yes                       ;
; rx_msg[2]     ; 2.5 V        ; 0 s                 ; 0 s                 ; 2.62 V                       ; 4.05e-08 V                   ; 2.72 V              ; -0.0349 V           ; 0.173 V                              ; 0.1 V                                ; 2.72e-10 s                  ; 2.69e-10 s                  ; Yes                        ; Yes                        ; 2.62 V                      ; 4.05e-08 V                  ; 2.72 V             ; -0.0349 V          ; 0.173 V                             ; 0.1 V                               ; 2.72e-10 s                 ; 2.69e-10 s                 ; Yes                       ; Yes                       ;
; rx_msg[3]     ; 2.5 V        ; 0 s                 ; 0 s                 ; 2.62 V                       ; 4.05e-08 V                   ; 2.72 V              ; -0.0349 V           ; 0.173 V                              ; 0.1 V                                ; 2.72e-10 s                  ; 2.69e-10 s                  ; Yes                        ; Yes                        ; 2.62 V                      ; 4.05e-08 V                  ; 2.72 V             ; -0.0349 V          ; 0.173 V                             ; 0.1 V                               ; 2.72e-10 s                 ; 2.69e-10 s                 ; Yes                       ; Yes                       ;
; rx_msg[4]     ; 2.5 V        ; 0 s                 ; 0 s                 ; 2.62 V                       ; 4.05e-08 V                   ; 2.72 V              ; -0.0349 V           ; 0.173 V                              ; 0.1 V                                ; 2.72e-10 s                  ; 2.69e-10 s                  ; Yes                        ; Yes                        ; 2.62 V                      ; 4.05e-08 V                  ; 2.72 V             ; -0.0349 V          ; 0.173 V                             ; 0.1 V                               ; 2.72e-10 s                 ; 2.69e-10 s                 ; Yes                       ; Yes                       ;
; rx_msg[5]     ; 2.5 V        ; 0 s                 ; 0 s                 ; 2.62 V                       ; 4.05e-08 V                   ; 2.64 V              ; -0.0113 V           ; 0.208 V                              ; 0.179 V                              ; 2.38e-09 s                  ; 2.23e-09 s                  ; No                         ; Yes                        ; 2.62 V                      ; 4.05e-08 V                  ; 2.64 V             ; -0.0113 V          ; 0.208 V                             ; 0.179 V                             ; 2.38e-09 s                 ; 2.23e-09 s                 ; No                        ; Yes                       ;
; rx_msg[6]     ; 2.5 V        ; 0 s                 ; 0 s                 ; 2.62 V                       ; 4.05e-08 V                   ; 2.72 V              ; -0.0349 V           ; 0.173 V                              ; 0.1 V                                ; 2.72e-10 s                  ; 2.69e-10 s                  ; Yes                        ; Yes                        ; 2.62 V                      ; 4.05e-08 V                  ; 2.72 V             ; -0.0349 V          ; 0.173 V                             ; 0.1 V                               ; 2.72e-10 s                 ; 2.69e-10 s                 ; Yes                       ; Yes                       ;
; rx_msg[7]     ; 2.5 V        ; 0 s                 ; 0 s                 ; 2.62 V                       ; 4.05e-08 V                   ; 2.72 V              ; -0.0349 V           ; 0.173 V                              ; 0.1 V                                ; 2.72e-10 s                  ; 2.69e-10 s                  ; Yes                        ; Yes                        ; 2.62 V                      ; 4.05e-08 V                  ; 2.72 V             ; -0.0349 V          ; 0.173 V                             ; 0.1 V                               ; 2.72e-10 s                 ; 2.69e-10 s                 ; Yes                       ; Yes                       ;
; rx_parity     ; 2.5 V        ; 0 s                 ; 0 s                 ; 2.62 V                       ; 4.05e-08 V                   ; 2.72 V              ; -0.0349 V           ; 0.173 V                              ; 0.1 V                                ; 2.72e-10 s                  ; 2.69e-10 s                  ; Yes                        ; Yes                        ; 2.62 V                      ; 4.05e-08 V                  ; 2.72 V             ; -0.0349 V          ; 0.173 V                             ; 0.1 V                               ; 2.72e-10 s                 ; 2.69e-10 s                 ; Yes                       ; Yes                       ;
; rx_complete   ; 2.5 V        ; 0 s                 ; 0 s                 ; 2.62 V                       ; 4.05e-08 V                   ; 2.72 V              ; -0.0349 V           ; 0.173 V                              ; 0.1 V                                ; 2.72e-10 s                  ; 2.69e-10 s                  ; Yes                        ; Yes                        ; 2.62 V                      ; 4.05e-08 V                  ; 2.72 V             ; -0.0349 V          ; 0.173 V                             ; 0.1 V                               ; 2.72e-10 s                 ; 2.69e-10 s                 ; Yes                       ; Yes                       ;
; ~ALTERA_DCLK~ ; 2.5 V        ; 0 s                 ; 0 s                 ; 2.62 V                       ; 2.22e-08 V                   ; 2.74 V              ; -0.06 V             ; 0.158 V                              ; 0.08 V                               ; 2.68e-10 s                  ; 2.19e-10 s                  ; Yes                        ; Yes                        ; 2.62 V                      ; 2.22e-08 V                  ; 2.74 V             ; -0.06 V            ; 0.158 V                             ; 0.08 V                              ; 2.68e-10 s                 ; 2.19e-10 s                 ; Yes                       ; Yes                       ;
; ~ALTERA_nCEO~ ; 2.5 V        ; 0 s                 ; 0 s                 ; 2.62 V                       ; 3.54e-08 V                   ; 2.7 V               ; -0.00943 V          ; 0.276 V                              ; 0.035 V                              ; 3.19e-10 s                  ; 4.99e-10 s                  ; No                         ; Yes                        ; 2.62 V                      ; 3.54e-08 V                  ; 2.7 V              ; -0.00943 V         ; 0.276 V                             ; 0.035 V                             ; 3.19e-10 s                 ; 4.99e-10 s                 ; No                        ; Yes                       ;
+---------------+--------------+---------------------+---------------------+------------------------------+------------------------------+---------------------+---------------------+--------------------------------------+--------------------------------------+-----------------------------+-----------------------------+----------------------------+----------------------------+-----------------------------+-----------------------------+--------------------+--------------------+-------------------------------------+-------------------------------------+----------------------------+----------------------------+---------------------------+---------------------------+


+-------------------------------------------------------------------+
; Setup Transfers                                                   ;
+------------+----------+----------+----------+----------+----------+
; From Clock ; To Clock ; RR Paths ; FR Paths ; RF Paths ; FF Paths ;
+------------+----------+----------+----------+----------+----------+
; clk_3125   ; clk_3125 ; 384      ; 0        ; 0        ; 0        ;
+------------+----------+----------+----------+----------+----------+
Entries labeled "false path" only account for clock-to-clock false paths and not path-based false paths. As a result, actual path counts may be lower than reported.


+-------------------------------------------------------------------+
; Hold Transfers                                                    ;
+------------+----------+----------+----------+----------+----------+
; From Clock ; To Clock ; RR Paths ; FR Paths ; RF Paths ; FF Paths ;
+------------+----------+----------+----------+----------+----------+
; clk_3125   ; clk_3125 ; 384      ; 0        ; 0        ; 0        ;
+------------+----------+----------+----------+----------+----------+
Entries labeled "false path" only account for clock-to-clock false paths and not path-based false paths. As a result, actual path counts may be lower than reported.


---------------
; Report TCCS ;
---------------
No dedicated SERDES Transmitter circuitry present in device or used in design


---------------
; Report RSKM ;
---------------
No non-DPA dedicated SERDES Receiver circuitry present in device or used in design


+------------------------------------------------+
; Unconstrained Paths Summary                    ;
+---------------------------------+-------+------+
; Property                        ; Setup ; Hold ;
+---------------------------------+-------+------+
; Illegal Clocks                  ; 0     ; 0    ;
; Unconstrained Clocks            ; 0     ; 0    ;
; Unconstrained Input Ports       ; 1     ; 1    ;
; Unconstrained Input Port Paths  ; 8     ; 8    ;
; Unconstrained Output Ports      ; 10    ; 10   ;
; Unconstrained Output Port Paths ; 10    ; 10   ;
+---------------------------------+-------+------+


+------------------------------------------+
; Clock Status Summary                     ;
+----------+----------+------+-------------+
; Target   ; Clock    ; Type ; Status      ;
+----------+----------+------+-------------+
; clk_3125 ; clk_3125 ; Base ; Constrained ;
+----------+----------+------+-------------+


+---------------------------------------------------------------------------------------------------+
; Unconstrained Input Ports                                                                         ;
+------------+--------------------------------------------------------------------------------------+
; Input Port ; Comment                                                                              ;
+------------+--------------------------------------------------------------------------------------+
; rx         ; No input delay, min/max delays, false-path exceptions, or max skew assignments found ;
+------------+--------------------------------------------------------------------------------------+


+-----------------------------------------------------------------------------------------------------+
; Unconstrained Output Ports                                                                          ;
+-------------+---------------------------------------------------------------------------------------+
; Output Port ; Comment                                                                               ;
+-------------+---------------------------------------------------------------------------------------+
; rx_complete ; No output delay, min/max delays, false-path exceptions, or max skew assignments found ;
; rx_msg[0]   ; No output delay, min/max delays, false-path exceptions, or max skew assignments found ;
; rx_msg[1]   ; No output delay, min/max delays, false-path exceptions, or max skew assignments found ;
; rx_msg[2]   ; No output delay, min/max delays, false-path exceptions, or max skew assignments found ;
; rx_msg[3]   ; No output delay, min/max delays, false-path exceptions, or max skew assignments found ;
; rx_msg[4]   ; No output delay, min/max delays, false-path exceptions, or max skew assignments found ;
; rx_msg[5]   ; No output delay, min/max delays, false-path exceptions, or max skew assignments found ;
; rx_msg[6]   ; No output delay, min/max delays, false-path exceptions, or max skew assignments found ;
; rx_msg[7]   ; No output delay, min/max delays, false-path exceptions, or max skew assignments found ;
; rx_parity   ; No output delay, min/max delays, false-path exceptions, or max skew assignments found ;
+-------------+---------------------------------------------------------------------------------------+


+---------------------------------------------------------------------------------------------------+
; Unconstrained Input Ports                                                                         ;
+------------+--------------------------------------------------------------------------------------+
; Input Port ; Comment                                                                              ;
+------------+--------------------------------------------------------------------------------------+
; rx         ; No input delay, min/max delays, false-path exceptions, or max skew assignments found ;
+------------+--------------------------------------------------------------------------------------+


+-----------------------------------------------------------------------------------------------------+
; Unconstrained Output Ports                                                                          ;
+-------------+---------------------------------------------------------------------------------------+
; Output Port ; Comment                                                                               ;
+-------------+---------------------------------------------------------------------------------------+
; rx_complete ; No output delay, min/max delays, false-path exceptions, or max skew assignments found ;
; rx_msg[0]   ; No output delay, min/max delays, false-path exceptions, or max skew assignments found ;
; rx_msg[1]   ; No output delay, min/max delays, false-path exceptions, or max skew assignments found ;
; rx_msg[2]   ; No output delay, min/max delays, false-path exceptions, or max skew assignments found ;
; rx_msg[3]   ; No output delay, min/max delays, false-path exceptions, or max skew assignments found ;
; rx_msg[4]   ; No output delay, min/max delays, false-path exceptions, or max skew assignments found ;
; rx_msg[5]   ; No output delay, min/max delays, false-path exceptions, or max skew assignments found ;
; rx_msg[6]   ; No output delay, min/max delays, false-path exceptions, or max skew assignments found ;
; rx_msg[7]   ; No output delay, min/max delays, false-path exceptions, or max skew assignments found ;
; rx_parity   ; No output delay, min/max delays, false-path exceptions, or max skew assignments found ;
+-------------+---------------------------------------------------------------------------------------+


+--------------------------+
; Timing Analyzer Messages ;
+--------------------------+
Info: *******************************************************************
Info: Running Quartus Prime Timing Analyzer
    Info: Version 20.1.1 Build 720 11/11/2020 SJ Lite Edition
    Info: Processing started: Sat Oct 25 16:56:02 2025
Info: Command: quartus_sta uart_rx -c uart_rx
Info: qsta_default_script.tcl version: #1
Warning (18236): Number of processors has not been specified which may cause overloading on shared machines.  Set the global assignment NUM_PARALLEL_PROCESSORS in your QSF to an appropriate value for best performance.
Info (20030): Parallel compilation is enabled and will use 10 of the 10 processors detected
Info (21077): Low junction temperature is 0 degrees C
Info (21077): High junction temperature is 85 degrees C
Critical Warning (332012): Synopsys Design Constraints File file not found: 'uart_rx.sdc'. A Synopsys Design Constraints File is required by the Timing Analyzer to get proper timing constraints. Without it, the Compiler will not properly optimize the design.
Info (332142): No user constrained base clocks found in the design. Calling "derive_clocks -period 1.0"
Info (332105): Deriving Clocks
    Info (332105): create_clock -period 1.000 -name clk_3125 clk_3125
Info (332143): No user constrained clock uncertainty found in the design. Calling "derive_clock_uncertainty"
Info (332123): Deriving Clock Uncertainty. Please refer to report_sdc in the Timing Analyzer to see clock uncertainties.
Info: Found TIMING_ANALYZER_REPORT_SCRIPT_INCLUDE_DEFAULT_ANALYSIS = ON
Info: Analyzing Slow 1200mV 85C Model
Critical Warning (332148): Timing requirements not met
    Info (11105): For recommendations on closing timing, run Report Timing Closure Recommendations in the Timing Analyzer.
Info (332146): Worst-case setup slack is -1.335
    Info (332119):     Slack       End Point TNS Clock 
    Info (332119): ========= =================== =====================
    Info (332119):    -1.335             -29.332 clk_3125 
Info (332146): Worst-case hold slack is 0.231
    Info (332119):     Slack       End Point TNS Clock 
    Info (332119): ========= =================== =====================
    Info (332119):     0.231               0.000 clk_3125 
Info (332140): No Recovery paths to report
Info (332140): No Removal paths to report
Info (332146): Worst-case minimum pulse width slack is -3.000
    Info (332119):     Slack       End Point TNS Clock 
    Info (332119): ========= =================== =====================
    Info (332119):    -3.000             -34.000 clk_3125 
Info: Analyzing Slow 1200mV 0C Model
Info (334003): Started post-fitting delay annotation
Info (334004): Delay annotation completed successfully
Info (332123): Deriving Clock Uncertainty. Please refer to report_sdc in the Timing Analyzer to see clock uncertainties.
Critical Warning (332148): Timing requirements not met
    Info (11105): For recommendations on closing timing, run Report Timing Closure Recommendations in the Timing Analyzer.
Info (332146): Worst-case setup slack is -1.103
    Info (332119):     Slack       End Point TNS Clock 
    Info (332119): ========= =================== =====================
    Info (332119):    -1.103             -23.167 clk_3125 
Info (332146): Worst-case hold slack is 0.206
    Info (332119):     Slack       End Point TNS Clock 
    Info (332119): ========= =================== =====================
    Info (332119):     0.206               0.000 clk_3125 
Info (332140): No Recovery paths to report
Info (332140): No Removal paths to report
Info (332146): Worst-case minimum pulse width slack is -3.000
    Info (332119):     Slack       End Point TNS Clock 
    Info (332119): ========= =================== =====================
    Info (332119):    -3.000             -34.000 clk_3125 
Info: Analyzing Fast 1200mV 0C Model
Info (332123): Deriving Clock Uncertainty. Please refer to report_sdc in the Timing Analyzer to see clock uncertainties.
Critical Warning (332148): Timing requirements not met
    Info (11105): For recommendations on closing timing, run Report Timing Closure Recommendations in the Timing Analyzer.
Info (332146): Worst-case setup slack is -0.293
    Info (332119):     Slack       End Point TNS Clock 
    Info (332119): ========= =================== =====================
    Info (332119):    -0.293              -3.814 clk_3125 
Info (332146): Worst-case hold slack is 0.121
    Info (332119):     Slack       End Point TNS Clock 
    Info (332119): ========= =================== =====================
    Info (332119):     0.121               0.000 clk_3125 
Info (332140): No Recovery paths to report
Info (332140): No Removal paths to report
Info (332146): Worst-case minimum pulse width slack is -3.000
    Info (332119):     Slack       End Point TNS Clock 
    Info (332119): ========= =================== =====================
    Info (332119):    -3.000             -35.843 clk_3125 
Info (332102): Design is not fully constrained for setup requirements
Info (332102): Design is not fully constrained for hold requirements
Info: Quartus Prime Timing Analyzer was successful. 0 errors, 5 warnings
    Info: Peak virtual memory: 4847 megabytes
    Info: Processing ended: Sat Oct 25 16:56:03 2025
    Info: Elapsed time: 00:00:01
    Info: Total CPU time (on all processors): 00:00:01


